,Metric,"Transformer (seed 369953070, test 1)","Transformer (seed 369953070, test 2)","Transformer (seed 369953070, test 3)","Transformer (seed 369953070, test 4)","Transformer (seed 369953070, test 5)"
0,gmean,0.802572353905128,0.8491777571289447,0.7905694150420949,0.648297659314349,0.8149997940028354
1,F1,0.7999999999999999,0.8717948717948718,0.8333333333333334,0.7837837837837839,0.8717948717948718
2,Accuracy,80.0,84.375,80.0,71.42857142857143,83.33333333333334
