,Metric,"Bi-LSTM (seed 305475974, test 1)","Bi-LSTM (seed 305475974, test 2)","Bi-LSTM (seed 305475974, test 3)","Bi-LSTM (seed 305475974, test 4)","Bi-LSTM (seed 305475974, test 5)","Bi-LSTM (seed 369953070, test 1)","Bi-LSTM (seed 369953070, test 2)","Bi-LSTM (seed 369953070, test 3)","Bi-LSTM (seed 369953070, test 4)","Bi-LSTM (seed 369953070, test 5)","Bi-LSTM (seed 879273778, test 1)","Bi-LSTM (seed 879273778, test 2)","Bi-LSTM (seed 879273778, test 3)","Bi-LSTM (seed 879273778, test 4)","Bi-LSTM (seed 879273778, test 5)","Bi-LSTM (seed 965681145, test 1)","Bi-LSTM (seed 965681145, test 2)","Bi-LSTM (seed 965681145, test 3)","Bi-LSTM (seed 965681145, test 4)","Bi-LSTM (seed 965681145, test 5)","Bi-LSTM (seed 992391276, test 1)","Bi-LSTM (seed 992391276, test 2)","Bi-LSTM (seed 992391276, test 3)","Bi-LSTM (seed 992391276, test 4)","Bi-LSTM (seed 992391276, test 5)"
0,gmean,0.8819171036881969,1.0,0.7745966692414834,0.0,0.816496580927726,0.816496580927726,0.9045340337332909,0.8660254037844386,0.8366600265340756,0.9428090415820634,0.8728715609439694,1.0,0.7071067811865476,1.0,1.0,1.0,0.9354143466934853,0.8528028654224418,0.75,0.7071067811865476,0.8660254037844386,0.5345224838248488,1.0,0.8593378488473195,0.7559289460184544
1,F1,0.8750000000000001,1.0,0.9090909090909091,0.6250000000000001,0.8,0.8,0.9,0.8571428571428571,0.875,0.9411764705882353,0.8888888888888888,1.0,0.75,1.0,1.0,1.0,0.9333333333333333,0.9090909090909091,0.75,0.75,0.8571428571428571,0.6666666666666666,1.0,0.9230769230769231,0.8571428571428571
2,Accuracy,83.33333333333334,100.0,86.66666666666667,45.45454545454545,77.77777777777779,77.77777777777779,84.61538461538461,85.71428571428571,84.61538461538461,90.9090909090909,87.5,100.0,69.23076923076923,100.0,100.0,100.0,90.9090909090909,87.5,75.0,69.23076923076923,85.71428571428571,58.333333333333336,100.0,88.88888888888889,80.0
