,Metric,"LSTM (seed 992391276, test 1)","LSTM (seed 992391276, test 2)","LSTM (seed 992391276, test 3)","LSTM (seed 992391276, test 4)","LSTM (seed 992391276, test 5)"
0,gmean,0.7487363091276265,0.66321159825515,0.8875837301622762,0.8451542547285166,0.7359800721939873
1,F1,0.8409090909090909,0.8571428571428572,0.8947368421052632,0.8823529411764706,0.8433734939759036
2,Accuracy,78.46153846153847,78.68852459016394,86.88524590163934,84.90566037735849,78.68852459016394
