,Metric,"Transformer (seed 965681145, test 1)","Transformer (seed 965681145, test 2)","Transformer (seed 965681145, test 3)","Transformer (seed 965681145, test 4)","Transformer (seed 965681145, test 5)"
0,gmean,0.8944271909999159,0.7891201573338643,0.8372457179089438,0.8466675133346032,0.809173593712687
1,F1,0.9056603773584906,0.8,0.8799999999999999,0.8620689655172414,0.830188679245283
2,Accuracy,89.36170212765957,78.72340425531915,85.36585365853658,83.6734693877551,80.43478260869566
