,Metric,"Transformer (seed 992391276, test 1)","Transformer (seed 992391276, test 2)","Transformer (seed 992391276, test 3)","Transformer (seed 992391276, test 4)","Transformer (seed 992391276, test 5)"
0,gmean,0.7965855955960484,0.6894491540747741,0.8878813734578135,0.8324270434150344,0.8208281581721152
1,F1,0.8775510204081632,0.8349514563106796,0.9052631578947369,0.9090909090909091,0.853932584269663
2,Accuracy,83.33333333333334,76.71232876712328,87.83783783783784,87.32394366197182,81.69014084507043
