,Metric,"LSTM (seed 965681145, test 1)","LSTM (seed 965681145, test 2)","LSTM (seed 965681145, test 3)","LSTM (seed 965681145, test 4)","LSTM (seed 965681145, test 5)"
0,gmean,0.7623624998624874,0.8017837257372731,0.8416254115301731,0.8955155230078661,0.7886388397182801
1,F1,0.8395061728395062,0.8571428571428571,0.8831168831168831,0.9285714285714286,0.8395061728395061
2,Accuracy,79.36507936507937,81.81818181818183,85.48387096774194,90.625,80.0
