,Metric,Random Forest (seed 305475974),Random Forest (seed 369953070),Random Forest (seed 879273778),Random Forest (seed 965681145),Random Forest (seed 992391276)
0,gmean,0.8023334575301658,0.7880474464659618,0.7898445923494257,0.7734976268164858,0.7765986348859667
1,F1,0.8830645161290323,0.8777555110220441,0.88,0.8725099601593626,0.872
2,Accuracy,83.97790055248619,83.14917127071824,83.42541436464089,82.32044198895028,82.32044198895028
