,Metric,"LSTM (seed 879273778, test 1)","LSTM (seed 879273778, test 2)","LSTM (seed 879273778, test 3)","LSTM (seed 879273778, test 4)","LSTM (seed 879273778, test 5)"
0,gmean,0.8319416503086102,0.6827043806200671,0.78328900583799,0.8037180680557422,0.8440971508067067
1,F1,0.8611111111111112,0.8131868131868132,0.8157894736842106,0.8863636363636365,0.888888888888889
2,Accuracy,83.33333333333334,74.6268656716418,78.125,84.61538461538461,85.9375
