,Metric,"RNN (seed 879273778, test 1)","RNN (seed 879273778, test 2)","RNN (seed 879273778, test 3)","RNN (seed 879273778, test 4)","RNN (seed 879273778, test 5)"
0,gmean,0.8170184707738729,0.7934920476158722,0.7337993857053428,0.7604346583140575,0.7146427679017578
1,F1,0.8529411764705882,0.8533333333333333,0.767123287671233,0.8735632183908046,0.8354430379746834
2,Accuracy,82.45614035087719,81.66666666666667,73.01587301587301,82.53968253968253,77.96610169491525
