,Metric,"RNN (seed 992391276, test 1)","RNN (seed 992391276, test 2)","RNN (seed 992391276, test 3)","RNN (seed 992391276, test 4)","RNN (seed 992391276, test 5)"
0,gmean,0.7764257076067382,0.6233674329973768,0.8088605066072494,0.7337464401166376,0.6397337409104347
1,F1,0.8510638297872339,0.7959183673469389,0.8723404255319149,0.8631578947368421,0.7555555555555555
2,Accuracy,80.28169014084507,71.42857142857143,83.09859154929578,80.59701492537313,68.11594202898551
