,Metric,"Bi-LSTM (seed 965681145, test 1, fold 1)","Bi-LSTM (seed 965681145, test 1, fold 2)","Bi-LSTM (seed 965681145, test 1, fold 3)","Bi-LSTM (seed 965681145, test 1, fold 4)","Bi-LSTM (seed 965681145, test 1, fold 5)","Bi-LSTM (seed 965681145, test 2, fold 1)","Bi-LSTM (seed 965681145, test 2, fold 2)","Bi-LSTM (seed 965681145, test 2, fold 3)","Bi-LSTM (seed 965681145, test 2, fold 4)","Bi-LSTM (seed 965681145, test 2, fold 5)","Bi-LSTM (seed 965681145, test 3, fold 1)","Bi-LSTM (seed 965681145, test 3, fold 2)","Bi-LSTM (seed 965681145, test 3, fold 3)","Bi-LSTM (seed 965681145, test 3, fold 4)","Bi-LSTM (seed 965681145, test 3, fold 5)","Bi-LSTM (seed 965681145, test 4, fold 1)","Bi-LSTM (seed 965681145, test 4, fold 2)","Bi-LSTM (seed 965681145, test 4, fold 3)","Bi-LSTM (seed 965681145, test 4, fold 4)","Bi-LSTM (seed 965681145, test 4, fold 5)","Bi-LSTM (seed 965681145, test 5, fold 1)","Bi-LSTM (seed 965681145, test 5, fold 2)","Bi-LSTM (seed 965681145, test 5, fold 3)","Bi-LSTM (seed 965681145, test 5, fold 4)","Bi-LSTM (seed 965681145, test 5, fold 5)"
0,gmean,0.8526668847366659,0.8299250027587323,0.7208035953914573,0.8964214570007952,0.7824607964359516,0.812403840463596,0.7,0.674536878161602,0.7393691004272944,0.724568837309472,0.7895146188218007,0.7745966692414834,0.7135591542869215,0.733143914930759,0.7659416862050705,0.8234728937123766,0.8473466170492809,0.8424057783288177,0.7895420339517227,0.8081220356417687,0.7468755781599106,0.7835467939002063,0.7468755781599106,0.7576144084141581,0.6468132241526726
1,F1,0.9090909090909091,0.9,0.8785046728971961,0.9278350515463918,0.8823529411764707,0.88,0.8235294117647058,0.8155339805825242,0.8282828282828283,0.8316831683168315,0.8712871287128714,0.8737864077669903,0.8703703703703703,0.8431372549019608,0.8627450980392156,0.8865979381443299,0.8958333333333333,0.9090909090909091,0.8659793814432989,0.888888888888889,0.8367346938775511,0.826086956521739,0.8367346938775511,0.8737864077669903,0.803921568627451
2,Accuracy,87.67123287671232,86.3013698630137,82.1917808219178,90.41095890410958,83.56164383561644,83.78378378378379,75.67567567567568,74.32432432432432,77.02702702702703,77.02702702702703,82.43243243243244,82.43243243243244,81.08108108108108,78.37837837837837,81.08108108108108,84.50704225352112,85.91549295774648,87.32394366197182,81.69014084507043,84.50704225352112,78.08219178082192,78.08219178082192,78.08219178082192,82.1917808219178,72.6027397260274
