,Metric,Transformer (seed 305475974),Transformer (seed 369953070),Transformer (seed 879273778),Transformer (seed 965681145),Transformer (seed 992391276)
0,gmean,0.8004236166566395,0.7988746974767563,0.8221192444841798,0.8253638919330734,0.806104480111158
1,F1,0.84375,0.8483290488431877,0.8548812664907652,0.8616187989556136,0.8571428571428572
2,Accuracy,80.83067092651757,81.15015974440894,82.42811501597444,83.06709265175719,82.10862619808307
