,Metric,"RNN (seed 305475974, test 1)","RNN (seed 305475974, test 2)","RNN (seed 305475974, test 3)","RNN (seed 305475974, test 4)","RNN (seed 305475974, test 5)"
0,gmean,0.7791937224739796,0.7081458806173302,0.7729421354849054,0.6800735254367721,0.7852812659593165
1,F1,0.85,0.8051948051948051,0.8333333333333334,0.8505747126436781,0.8809523809523809
2,Accuracy,80.32786885245902,73.68421052631578,78.57142857142857,78.33333333333333,83.60655737704919
