,Metric,"Bi-LSTM (seed 992391276, test 1)","Bi-LSTM (seed 992391276, test 2)","Bi-LSTM (seed 992391276, test 3)","Bi-LSTM (seed 992391276, test 4)","Bi-LSTM (seed 992391276, test 5)"
0,gmean,0.7604152106033959,0.6267831705280087,0.8848650242331375,0.8003622368308787,0.769800358919501
1,F1,0.8333333333333334,0.8076923076923076,0.9010989010989011,0.8666666666666667,0.8602150537634408
2,Accuracy,78.08219178082192,72.6027397260274,87.5,82.35294117647058,81.15942028985508
