,Metric,Random Forest (seed 305475974),Random Forest (seed 369953070),Random Forest (seed 879273778),Random Forest (seed 965681145),Random Forest (seed 992391276)
0,gmean,0.7967145997039591,0.78252863565178,0.7869125838788514,0.7702352188331354,0.7729266936590862
1,F1,0.8619854721549637,0.8557692307692306,0.8612440191387559,0.8523809523809525,0.8516746411483254
2,Accuracy,82.1875,81.25,81.875,80.625,80.625
