,Metric,"MLP (seed 992391276, test 1)","MLP (seed 992391276, test 2)","MLP (seed 992391276, test 3)","MLP (seed 992391276, test 4)","MLP (seed 992391276, test 5)"
0,gmean,0.6430659644130345,0.6640536748430402,0.7677718959499145,0.7250760609188853,0.7254762501100116
1,F1,0.8048780487804879,0.8051948051948051,0.7999999999999999,0.8125,0.8536585365853658
2,Accuracy,72.88135593220339,73.21428571428571,75.86206896551724,75.51020408163265,79.66101694915254
