,Metric,"Bi-LSTM (seed 369953070, test 1)","Bi-LSTM (seed 369953070, test 2)","Bi-LSTM (seed 369953070, test 3)","Bi-LSTM (seed 369953070, test 4)","Bi-LSTM (seed 369953070, test 5)"
0,gmean,0.6821910402406465,0.8361424514603951,0.8498365855987975,0.5048781642974013,0.8132202844993978
1,F1,0.6666666666666667,0.8444444444444444,0.8695652173913043,0.6190476190476191,0.8095238095238095
2,Accuracy,66.66666666666666,83.72093023255815,84.61538461538461,54.285714285714285,80.95238095238095
