,Metric,"Transformer (seed 305475974, test 1)","Transformer (seed 305475974, test 2)","Transformer (seed 305475974, test 3)","Transformer (seed 305475974, test 4)","Transformer (seed 305475974, test 5)"
0,gmean,0.7559289460184544,0.9258200997725514,0.8944271909999159,0.0,0.7745966692414834
1,F1,0.7272727272727273,0.9090909090909091,0.9333333333333333,0.5333333333333333,0.7499999999999999
2,Accuracy,70.0,91.66666666666666,91.66666666666666,36.36363636363637,75.0
