,Metric,Transformer (seed 305475974),Transformer (seed 369953070),Transformer (seed 879273778),Transformer (seed 965681145),Transformer (seed 992391276)
0,gmean,0.8107392600280564,0.8077124129652914,0.8306507634613212,0.834494649578113,0.811642910206237
1,F1,0.8669527896995708,0.8704883227176221,0.8739130434782608,0.8817204301075269,0.875264270613108
2,Accuracy,82.53521126760563,82.8169014084507,83.66197183098592,84.50704225352112,83.38028169014085
