,Metric,"RNN (seed 305475974, test 1)","RNN (seed 305475974, test 2)","RNN (seed 305475974, test 3)","RNN (seed 305475974, test 4)","RNN (seed 305475974, test 5)"
0,gmean,0.7905694150420949,0.7302967433402214,0.7984359711335656,0.621581560508061,0.8203149801549809
1,F1,0.8433734939759037,0.8000000000000002,0.85,0.7906976744186046,0.8941176470588236
2,Accuracy,80.3030303030303,75.0,81.25,70.96774193548387,85.9375
