,Metric,Random Forest (seed 305475974),Random Forest (seed 369953070),Random Forest (seed 879273778),Random Forest (seed 965681145),Random Forest (seed 992391276)
0,gmean,0.8114272520357384,0.8000780602041181,0.7943426596607045,0.7827457940037471,0.7779583130445114
1,F1,0.8793565683646112,0.8746666666666666,0.8723404255319149,0.8677248677248677,0.8617021276595744
2,Accuracy,83.98576512455516,83.27402135231317,82.91814946619218,82.20640569395017,81.49466192170819
