,Metric,"Transformer (seed 992391276, test 1)","Transformer (seed 992391276, test 2)","Transformer (seed 992391276, test 3)","Transformer (seed 992391276, test 4)","Transformer (seed 992391276, test 5)"
0,gmean,0.7920738301326161,0.6634034720037774,0.8785953702139588,0.8478302115714424,0.8050764858994133
1,F1,0.8493150684931505,0.7536231884057971,0.8888888888888888,0.9090909090909092,0.823529411764706
2,Accuracy,81.35593220338984,69.64285714285714,87.09677419354838,87.6923076923077,80.0
