,Metric,"RNN (seed 305475974, test 1)","RNN (seed 305475974, test 2)","RNN (seed 305475974, test 3)","RNN (seed 305475974, test 4)","RNN (seed 305475974, test 5)"
0,gmean,0.7798128673650545,0.7071067811865476,0.8036375634160796,0.6154574548966637,0.8179128813519698
1,F1,0.8219178082191781,0.75,0.8493150684931507,0.7692307692307692,0.883116883116883
2,Accuracy,78.68852459016394,71.42857142857143,81.66666666666667,68.96551724137932,85.0
