,Metric,"MLP (seed 879273778, test 1)","MLP (seed 879273778, test 2)","MLP (seed 879273778, test 3)","MLP (seed 879273778, test 4)","MLP (seed 879273778, test 5)"
0,gmean,0.6819298757112227,0.8154753215150045,0.7145896010104964,0.8529920198808891,0.7728015412913086
1,F1,0.836734693877551,0.8659793814432989,0.7912087912087913,0.8817204301075268,0.88659793814433
2,Accuracy,76.81159420289855,82.43243243243244,73.23943661971832,84.72222222222221,84.05797101449275
