,Metric,Bi-LSTM (seed 305475974),Bi-LSTM (seed 369953070),Bi-LSTM (seed 879273778),Bi-LSTM (seed 965681145),Bi-LSTM (seed 992391276)
0,gmean,0.7992396716256013,0.7890000637931625,0.8066746193699891,0.826091039169134,0.7788240743964806
1,F1,0.8699186991869918,0.8692152917505029,0.8790322580645162,0.8911290322580645,0.8606060606060606
2,Accuracy,82.46575342465754,82.1917808219178,83.56164383561644,85.2054794520548,81.0958904109589
