,Metric,"Bi-LSTM (seed 369953070, test 1, fold 1)","Bi-LSTM (seed 369953070, test 1, fold 2)","Bi-LSTM (seed 369953070, test 1, fold 3)","Bi-LSTM (seed 369953070, test 1, fold 4)","Bi-LSTM (seed 369953070, test 1, fold 5)","Bi-LSTM (seed 369953070, test 2, fold 1)","Bi-LSTM (seed 369953070, test 2, fold 2)","Bi-LSTM (seed 369953070, test 2, fold 3)","Bi-LSTM (seed 369953070, test 2, fold 4)","Bi-LSTM (seed 369953070, test 2, fold 5)","Bi-LSTM (seed 369953070, test 3, fold 1)","Bi-LSTM (seed 369953070, test 3, fold 2)","Bi-LSTM (seed 369953070, test 3, fold 3)","Bi-LSTM (seed 369953070, test 3, fold 4)","Bi-LSTM (seed 369953070, test 3, fold 5)","Bi-LSTM (seed 369953070, test 4, fold 1)","Bi-LSTM (seed 369953070, test 4, fold 2)","Bi-LSTM (seed 369953070, test 4, fold 3)","Bi-LSTM (seed 369953070, test 4, fold 4)","Bi-LSTM (seed 369953070, test 4, fold 5)","Bi-LSTM (seed 369953070, test 5, fold 1)","Bi-LSTM (seed 369953070, test 5, fold 2)","Bi-LSTM (seed 369953070, test 5, fold 3)","Bi-LSTM (seed 369953070, test 5, fold 4)","Bi-LSTM (seed 369953070, test 5, fold 5)"
0,gmean,0.6579516949597689,0.7654139963827327,0.7654139963827327,0.7625808688457779,0.6795295885835008,0.7052135869426766,0.7977240352174656,0.7977240352174656,0.8126670951174478,0.7884527595301415,0.7610967695917037,0.8562894997120268,0.7510155725708373,0.8001524245036219,0.8226963402694113,0.6972166887783964,0.5936586186989586,0.6373774391990981,0.6373774391990981,0.5303300858899106,0.7633040372101332,0.7633040372101332,0.7921180343813393,0.8061389110926175,0.809606191227531
1,F1,0.8108108108108109,0.8405797101449276,0.8405797101449276,0.8611111111111112,0.8421052631578948,0.8266666666666665,0.8358208955223881,0.8358208955223881,0.8253968253968255,0.861111111111111,0.8941176470588236,0.9135802469135802,0.8809523809523809,0.821917808219178,0.9024390243902439,0.823529411764706,0.8055555555555555,0.7761194029850748,0.7761194029850748,0.7605633802816902,0.7999999999999999,0.7999999999999999,0.8358208955223881,0.8529411764705882,0.8253968253968255
2,Accuracy,74.07407407407408,79.62962962962963,79.62962962962963,81.48148148148148,77.77777777777779,76.78571428571429,80.35714285714286,80.35714285714286,80.35714285714286,82.14285714285714,84.21052631578947,87.71929824561403,82.45614035087719,77.19298245614034,85.96491228070175,76.0,72.0,70.0,70.0,66.0,76.36363636363637,76.36363636363637,80.0,81.81818181818183,80.0
