,Metric,"MLP (seed 369953070, test 1)","MLP (seed 369953070, test 2)","MLP (seed 369953070, test 3)","MLP (seed 369953070, test 4)","MLP (seed 369953070, test 5)"
0,gmean,0.7170618479335061,0.7192991758286853,0.762251709072659,0.6156915517988871,0.8535639569308374
1,F1,0.711111111111111,0.7567567567567567,0.75,0.8051948051948051,0.8831168831168831
2,Accuracy,71.73913043478261,71.42857142857143,75.0,72.72727272727273,85.24590163934425
