,Metric,Bi-LSTM (seed 305475974),Bi-LSTM (seed 369953070),Bi-LSTM (seed 879273778),Bi-LSTM (seed 965681145),Bi-LSTM (seed 992391276)
0,gmean,0.0,0.0,0.0,0.0,0.0
1,F1,0.6666666666666666,0.6666666666666666,0.6666666666666666,0.6666666666666666,0.6666666666666666
2,Accuracy,50.0,50.0,50.0,50.0,50.0
