,Metric,"LSTM (seed 369953070, test 1)","LSTM (seed 369953070, test 2)","LSTM (seed 369953070, test 3)","LSTM (seed 369953070, test 4)","LSTM (seed 369953070, test 5)"
0,gmean,0.7860573635949152,0.8153359597569135,0.8832563863180561,0.5861606481232525,0.8743045770369184
1,F1,0.8735632183908046,0.8764044943820225,0.9263157894736843,0.7912087912087912,0.8888888888888888
2,Accuracy,83.07692307692308,83.82352941176471,90.14084507042254,70.3125,86.36363636363636
