,Metric,"RNN (seed 965681145, test 1)","RNN (seed 965681145, test 2)","RNN (seed 965681145, test 3)","RNN (seed 965681145, test 4)","RNN (seed 965681145, test 5)"
0,gmean,0.7710996009560597,0.7776083826374093,0.7321448190324344,0.7462025072446364,0.6831300510639733
1,F1,0.8461538461538461,0.8433734939759037,0.8395061728395061,0.8433734939759036,0.7804878048780488
2,Accuracy,80.32786885245902,80.0,78.68852459016394,79.03225806451613,71.875
