,Metric,"LSTM (seed 369953070, test 1)","LSTM (seed 369953070, test 2)","LSTM (seed 369953070, test 3)","LSTM (seed 369953070, test 4)","LSTM (seed 369953070, test 5)"
0,gmean,0.7699905035090181,0.8340576562282991,0.8652406048885051,0.5791405068790082,0.8564991147635435
1,F1,0.8,0.8767123287671232,0.8923076923076922,0.7272727272727273,0.8695652173913043
2,Accuracy,77.77777777777779,84.7457627118644,87.27272727272727,64.70588235294117,84.48275862068965
