,Metric,Bi-LSTM (seed 305475974),Bi-LSTM (seed 369953070),Bi-LSTM (seed 879273778),Bi-LSTM (seed 965681145),Bi-LSTM (seed 992391276)
0,gmean,0.7876061621046978,0.7702113418654883,0.7829039937384769,0.8034864523417522,0.7558135986543866
1,F1,0.8203389830508474,0.808080808080808,0.8175675675675677,0.8338983050847457,0.7932203389830509
2,Accuracy,79.45736434108527,77.90697674418605,79.06976744186046,81.0077519379845,76.35658914728683
