,Metric,"RNN (seed 965681145, test 1)","RNN (seed 965681145, test 2)","RNN (seed 965681145, test 3)","RNN (seed 965681145, test 4)","RNN (seed 965681145, test 5)"
0,gmean,0.769800358919501,0.7703690469304101,0.7302967433402214,0.7433919416750282,0.6786208925382962
1,F1,0.8421052631578948,0.8266666666666665,0.8311688311688312,0.8354430379746836,0.7692307692307692
2,Accuracy,80.0,78.68852459016394,77.96610169491525,78.33333333333333,70.96774193548387
