,Metric,"Bi-LSTM (seed 305475974, test 1)","Bi-LSTM (seed 305475974, test 2)","Bi-LSTM (seed 305475974, test 3)","Bi-LSTM (seed 305475974, test 4)","Bi-LSTM (seed 305475974, test 5)","Bi-LSTM (seed 369953070, test 1)","Bi-LSTM (seed 369953070, test 2)","Bi-LSTM (seed 369953070, test 3)","Bi-LSTM (seed 369953070, test 4)","Bi-LSTM (seed 369953070, test 5)","Bi-LSTM (seed 879273778, test 1)","Bi-LSTM (seed 879273778, test 2)","Bi-LSTM (seed 879273778, test 3)","Bi-LSTM (seed 879273778, test 4)","Bi-LSTM (seed 879273778, test 5)","Bi-LSTM (seed 965681145, test 1)","Bi-LSTM (seed 965681145, test 2)","Bi-LSTM (seed 965681145, test 3)","Bi-LSTM (seed 965681145, test 4)","Bi-LSTM (seed 965681145, test 5)","Bi-LSTM (seed 992391276, test 1)","Bi-LSTM (seed 992391276, test 2)","Bi-LSTM (seed 992391276, test 3)","Bi-LSTM (seed 992391276, test 4)","Bi-LSTM (seed 992391276, test 5)"
0,gmean,0.7895146188218007,0.813888792149391,0.8122328620674136,0.7284313590846836,0.8400094892493688,0.746368017395778,0.834665601703261,0.8755950357709131,0.6094069343174583,0.8618315515159594,0.8190283593479222,0.7582875444051551,0.7894472435537475,0.8238891044509619,0.8379305815963922,0.8057949835755716,0.823754471047914,0.8215838362577492,0.8660254037844386,0.8088605066072494,0.7586308940013802,0.6233674329973768,0.8864052604279182,0.824621125123532,0.7737179432986628
1,F1,0.8712871287128714,0.8631578947368421,0.8602150537634408,0.8627450980392157,0.8913043478260869,0.8541666666666666,0.888888888888889,0.92,0.8039215686274509,0.8913043478260869,0.875,0.8761904761904761,0.8314606741573034,0.9,0.9072164948453608,0.888888888888889,0.875,0.8910891089108911,0.9166666666666666,0.8723404255319149,0.8297872340425533,0.7959183673469389,0.9032258064516128,0.888888888888889,0.8712871287128713
2,Accuracy,82.43243243243244,82.1917808219178,81.94444444444444,80.28169014084507,85.71428571428571,80.0,85.13513513513513,89.1891891891892,71.83098591549296,85.91549295774648,83.33333333333334,82.43243243243244,78.87323943661971,86.11111111111111,87.32394366197182,84.72222222222221,83.56164383561644,85.13513513513513,88.57142857142857,83.09859154929578,77.77777777777779,71.42857142857143,87.67123287671232,84.72222222222221,82.1917808219178
