,Metric,"MLP (seed 369953070, test 1)","MLP (seed 369953070, test 2)","MLP (seed 369953070, test 3)","MLP (seed 369953070, test 4)","MLP (seed 369953070, test 5)"
0,gmean,0.7688517444384896,0.7272727272727273,0.753370803500884,0.6134688957245553,0.8504200642707612
1,F1,0.8135593220338982,0.761904761904762,0.7619047619047619,0.8333333333333334,0.870967741935484
2,Accuracy,78.0,72.72727272727273,71.69811320754717,75.51020408163265,84.90566037735849
