,Metric,Bi-LSTM (seed 305475974),Bi-LSTM (seed 369953070),Bi-LSTM (seed 879273778),Bi-LSTM (seed 965681145),Bi-LSTM (seed 992391276)
0,gmean,0.8016174754165316,0.7938693723240011,0.8058254700795274,0.8259795784603802,0.7788408469271311
1,F1,0.8656036446469249,0.8674157303370785,0.870748299319728,0.8843537414965986,0.8526077097505669
2,Accuracy,82.44047619047619,82.44047619047619,83.03571428571429,84.82142857142857,80.65476190476191
