,Metric,Random Forest (seed 305475974),Random Forest (seed 369953070),Random Forest (seed 879273778),Random Forest (seed 965681145),Random Forest (seed 992391276)
0,gmean,0.6454972243679028,0.5773502691896257,0.7216878364870323,0.6454972243679028,0.6454972243679028
1,F1,0.6956521739130435,0.6666666666666666,0.8,0.7692307692307692,0.7692307692307692
2,Accuracy,65.0,60.0,75.0,70.0,70.0
