,Metric,"Bi-LSTM (seed 305475974, test 1)","Bi-LSTM (seed 305475974, test 2)","Bi-LSTM (seed 305475974, test 3)","Bi-LSTM (seed 305475974, test 4)","Bi-LSTM (seed 305475974, test 5)"
0,gmean,0.7899417298180521,0.8081614937622307,0.8122328620674136,0.7190587281616534,0.8364283610093426
1,F1,0.8604651162790699,0.8461538461538461,0.8536585365853658,0.8333333333333334,0.8837209302325582
2,Accuracy,81.81818181818183,81.25,81.81818181818183,77.41935483870968,85.07462686567165
