,Metric,"Transformer (seed 305475974, test 1)","Transformer (seed 305475974, test 2)","Transformer (seed 305475974, test 3)","Transformer (seed 305475974, test 4)","Transformer (seed 305475974, test 5)"
0,gmean,0.8352690695845568,0.7346308866924529,0.8581573914656517,0.8077903518396667,0.7924058156930615
1,F1,0.8674698795180723,0.8095238095238095,0.8941176470588236,0.8636363636363636,0.8470588235294119
2,Accuracy,83.5820895522388,75.75757575757575,86.56716417910447,82.08955223880598,80.59701492537313
