,Metric,"Bi-LSTM (seed 879273778, test 1)","Bi-LSTM (seed 879273778, test 2)","Bi-LSTM (seed 879273778, test 3)","Bi-LSTM (seed 879273778, test 4)","Bi-LSTM (seed 879273778, test 5)"
0,gmean,0.7989354619369612,0.7582875444051551,0.7811805524688614,0.824621125123532,0.8379305815963922
1,F1,0.8602150537634409,0.8761904761904761,0.8222222222222222,0.9019607843137256,0.9072164948453608
2,Accuracy,81.69014084507043,82.43243243243244,77.77777777777779,86.3013698630137,87.32394366197182
