,Metric,Random Forest (seed 305475974),Random Forest (seed 369953070),Random Forest (seed 879273778),Random Forest (seed 965681145),Random Forest (seed 992391276)
0,gmean,0.8944271909999159,0.8944271909999159,0.8876253645985945,0.8876253645985945,0.8876253645985945
1,F1,0.9924812030075187,0.9924812030075187,0.9848484848484849,0.9848484848484849,0.9848484848484849
2,Accuracy,98.59154929577466,98.59154929577466,97.1830985915493,97.1830985915493,97.1830985915493
