,Metric,"MLP (seed 369953070, test 1)","MLP (seed 369953070, test 2)","MLP (seed 369953070, test 3)","MLP (seed 369953070, test 4)","MLP (seed 369953070, test 5)"
0,gmean,0.7445453821540743,0.7266018927576546,0.7476816018719317,0.6165421507103018,0.8553989227683015
1,F1,0.7636363636363638,0.7692307692307692,0.7419354838709676,0.8192771084337349,0.8860759493670887
2,Accuracy,74.50980392156863,72.3076923076923,73.33333333333333,74.13793103448276,85.48387096774194
