,Metric,"Bi-LSTM (seed 879273778, test 1)","Bi-LSTM (seed 879273778, test 2)","Bi-LSTM (seed 879273778, test 3)","Bi-LSTM (seed 879273778, test 4)","Bi-LSTM (seed 879273778, test 5)"
0,gmean,0.8451542547285166,1.0,0.7071067811865476,1.0,1.0
1,F1,0.8333333333333334,1.0,0.75,1.0,1.0
2,Accuracy,84.61538461538461,100.0,69.23076923076923,100.0,100.0
