,Metric,Transformer (seed 305475974),Transformer (seed 369953070),Transformer (seed 879273778),Transformer (seed 965681145),Transformer (seed 992391276)
0,gmean,0.7982753488366118,0.7969612223997605,0.8199127474738492,0.8233869695926183,0.8043980356897871
1,F1,0.839572192513369,0.8443271767810027,0.8509485094850949,0.8579088471849865,0.8534031413612566
2,Accuracy,80.51948051948052,80.84415584415584,82.14285714285714,82.79220779220779,81.81818181818183
