,Metric,Bi-LSTM (seed 305475974),Bi-LSTM (seed 369953070),Bi-LSTM (seed 879273778),Bi-LSTM (seed 965681145),Bi-LSTM (seed 992391276)
0,gmean,0.0,0.0,0.0,0.0,0.0
1,F1,0.888888888888889,0.888888888888889,0.923076923076923,0.9393939393939394,0.90625
2,Accuracy,80.0,80.0,85.71428571428571,88.57142857142857,82.85714285714286
