,Metric,Random Forest (seed 305475974),Random Forest (seed 369953070),Random Forest (seed 879273778),Random Forest (seed 965681145),Random Forest (seed 992391276)
0,gmean,0.8038843412937607,0.7895707158475338,0.7913795858376175,0.7749927718828545,0.7762966796527759
1,F1,0.8825910931174089,0.8772635814889337,0.8795180722891566,0.872,0.869215291750503
2,Accuracy,83.93351800554017,83.10249307479224,83.37950138504155,82.27146814404432,81.99445983379502
