,Metric,Transformer (seed 305475974),Transformer (seed 369953070),Transformer (seed 879273778),Transformer (seed 965681145),Transformer (seed 992391276)
0,gmean,0.7955349326300104,0.7945211244793435,0.8170980517871405,0.8208659625778081,0.8022226401274697
1,F1,0.8342541436464088,0.8392370572207085,0.84593837535014,0.8531855955678669,0.8486486486486486
2,Accuracy,80.13245033112582,80.4635761589404,81.78807947019867,82.45033112582782,81.45695364238411
