,Metric,"Transformer (seed 992391276, test 1)","Transformer (seed 992391276, test 2)","Transformer (seed 992391276, test 3)","Transformer (seed 992391276, test 4)","Transformer (seed 992391276, test 5)"
0,gmean,0.7886388397182801,0.67700320038633,0.8897565210026093,0.8492420863405918,0.816496580927726
1,F1,0.8571428571428572,0.7951807228915662,0.9047619047619048,0.9130434782608695,0.8470588235294118
2,Accuracy,81.53846153846153,73.01587301587301,88.23529411764706,88.05970149253731,81.15942028985508
