,Metric,"Bi-LSTM (seed 965681145, test 1)","Bi-LSTM (seed 965681145, test 2)","Bi-LSTM (seed 965681145, test 3)","Bi-LSTM (seed 965681145, test 4)","Bi-LSTM (seed 965681145, test 5)"
0,gmean,0.7648529270389178,0.8047478161629564,0.8119604537127111,0.8583950752789522,0.8320502943378437
1,F1,0.8674698795180723,0.8607594936708861,0.8831168831168831,0.9230769230769231,0.9
2,Accuracy,81.66666666666667,81.9672131147541,84.21052631578947,89.0625,86.4406779661017
