,Metric,"RNN (seed 369953070, test 1)","RNN (seed 369953070, test 2)","RNN (seed 369953070, test 3)","RNN (seed 369953070, test 4)","RNN (seed 369953070, test 5)"
0,gmean,0.7319250547113999,0.6875516509523286,0.6806139097297725,0.529150262212918,0.7887457230744283
1,F1,0.75,0.761904761904762,0.8115942028985507,0.7241379310344828,0.84375
2,Accuracy,73.33333333333333,71.15384615384616,74.0,62.7906976744186,80.76923076923077
