,Metric,"MLP (seed 369953070, test 1)","MLP (seed 369953070, test 2)","MLP (seed 369953070, test 3)","MLP (seed 369953070, test 4)","MLP (seed 369953070, test 5)"
0,gmean,0.7844645405527362,0.7319250547113999,0.7922861801800836,0.6088590823425645,0.8633316946034313
1,F1,0.8311688311688312,0.7692307692307692,0.8048780487804877,0.8181818181818181,0.888888888888889
2,Accuracy,79.36507936507937,72.72727272727273,77.14285714285715,73.77049180327869,86.15384615384616
