,Metric,"LSTM (seed 879273778, test 1)","LSTM (seed 879273778, test 2)","LSTM (seed 879273778, test 3)","LSTM (seed 879273778, test 4)","LSTM (seed 879273778, test 5)"
0,gmean,0.8221248859286776,0.6104676956673597,0.7629599223663422,0.7833494518006403,0.8416254115301731
1,F1,0.8181818181818182,0.6382978723404256,0.78125,0.84375,0.8627450980392156
2,Accuracy,82.22222222222221,61.36363636363637,75.86206896551724,80.76923076923077,84.78260869565217
