,Metric,"LSTM (seed 879273778, test 1)","LSTM (seed 879273778, test 2)","LSTM (seed 879273778, test 3)","LSTM (seed 879273778, test 4)","LSTM (seed 879273778, test 5)"
0,gmean,0.8340576562282991,0.6839612783652524,0.7766431633476233,0.8044366359847487,0.8440971508067067
1,F1,0.8648648648648649,0.8172043010752688,0.810126582278481,0.888888888888889,0.888888888888889
2,Accuracy,83.60655737704919,75.0,77.27272727272727,84.84848484848484,85.9375
