,Metric,Bi-LSTM (seed 305475974),Bi-LSTM (seed 369953070),Bi-LSTM (seed 879273778),Bi-LSTM (seed 965681145),Bi-LSTM (seed 992391276)
0,gmean,0.0,0.0,0.0,0.0,0.0
1,F1,0.8947368421052632,0.8648648648648648,0.9230769230769231,0.9500000000000001,0.9230769230769231
2,Accuracy,80.95238095238095,76.19047619047619,85.71428571428571,90.47619047619048,85.71428571428571
