,Metric,"Bi-LSTM (seed 965681145, test 1)","Bi-LSTM (seed 965681145, test 2)","Bi-LSTM (seed 965681145, test 3)","Bi-LSTM (seed 965681145, test 4)","Bi-LSTM (seed 965681145, test 5)"
0,gmean,0.7791937224739796,0.8122328620674136,0.7939162615181972,0.856470851663509,0.7737179432986628
1,F1,0.8135593220338982,0.8333333333333334,0.8387096774193549,0.8813559322033899,0.7999999999999999
2,Accuracy,78.84615384615384,81.48148148148148,80.76923076923077,86.27450980392157,77.55102040816327
