,Metric,"Bi-LSTM (seed 305475974, test 1, fold 1)","Bi-LSTM (seed 305475974, test 1, fold 2)","Bi-LSTM (seed 305475974, test 1, fold 3)","Bi-LSTM (seed 305475974, test 1, fold 4)","Bi-LSTM (seed 305475974, test 1, fold 5)","Bi-LSTM (seed 305475974, test 2, fold 1)","Bi-LSTM (seed 305475974, test 2, fold 2)","Bi-LSTM (seed 305475974, test 2, fold 3)","Bi-LSTM (seed 305475974, test 2, fold 4)","Bi-LSTM (seed 305475974, test 2, fold 5)","Bi-LSTM (seed 305475974, test 3, fold 1)","Bi-LSTM (seed 305475974, test 3, fold 2)","Bi-LSTM (seed 305475974, test 3, fold 3)","Bi-LSTM (seed 305475974, test 3, fold 4)","Bi-LSTM (seed 305475974, test 3, fold 5)","Bi-LSTM (seed 305475974, test 4, fold 1)","Bi-LSTM (seed 305475974, test 4, fold 2)","Bi-LSTM (seed 305475974, test 4, fold 3)","Bi-LSTM (seed 305475974, test 4, fold 4)","Bi-LSTM (seed 305475974, test 4, fold 5)","Bi-LSTM (seed 305475974, test 5, fold 1)","Bi-LSTM (seed 305475974, test 5, fold 2)","Bi-LSTM (seed 305475974, test 5, fold 3)","Bi-LSTM (seed 305475974, test 5, fold 4)","Bi-LSTM (seed 305475974, test 5, fold 5)"
0,gmean,0.8031189202104505,0.7302967433402214,0.705927286151579,0.7571877794400365,0.7393691004272944,0.6894491540747741,0.7154752000627009,0.7423074889580903,0.7284313590846835,0.7921811790292441,0.812403840463596,0.8154753215150045,0.7937253933193772,0.7483314773547882,0.7713624310270756,0.7401527456927535,0.7564217825019837,0.6852482888641929,0.7879527683924914,0.6971993664094505,0.7791937224739796,0.8112726208286105,0.7284313590846835,0.7154752000627009,0.8017837257372731
1,F1,0.8686868686868686,0.816326530612245,0.8598130841121495,0.8514851485148515,0.8282828282828283,0.8349514563106796,0.8431372549019608,0.7912087912087913,0.8125,0.8541666666666667,0.88,0.8659793814432989,0.8571428571428572,0.8399999999999999,0.8484848484848485,0.8653846153846153,0.8867924528301886,0.8490566037735849,0.8571428571428572,0.8349514563106797,0.8571428571428571,0.8775510204081631,0.8125,0.8431372549019608,0.8659793814432989
2,Accuracy,82.43243243243244,75.67567567567568,79.72972972972973,79.72972972972973,77.02702702702703,76.71232876712328,78.08219178082192,73.97260273972603,75.34246575342466,80.82191780821918,83.78378378378379,82.43243243243244,81.08108108108108,78.37837837837837,79.72972972972973,80.82191780821918,83.56164383561644,78.08219178082192,80.82191780821918,76.71232876712328,80.82191780821918,83.56164383561644,75.34246575342466,78.08219178082192,82.1917808219178
