,Metric,"Bi-LSTM (seed 992391276, test 1)","Bi-LSTM (seed 992391276, test 2)","Bi-LSTM (seed 992391276, test 3)","Bi-LSTM (seed 992391276, test 4)","Bi-LSTM (seed 992391276, test 5)"
0,gmean,0.8660254037844386,0.5345224838248488,1.0,0.8593378488473195,0.7559289460184544
1,F1,0.8571428571428571,0.6666666666666666,1.0,0.9230769230769231,0.8571428571428571
2,Accuracy,85.71428571428571,58.333333333333336,100.0,88.88888888888889,80.0
