,Metric,LSTM (seed 305475974),LSTM (seed 369953070),LSTM (seed 879273778),LSTM (seed 965681145),LSTM (seed 992391276)
0,gmean,0.8208370219430459,0.795729009497986,0.7882952846763688,0.8138519768008982,0.7977443669077805
1,F1,0.8668407310704961,0.8600508905852418,0.84375,0.8616187989556136,0.8519480519480519
2,Accuracy,83.44155844155844,82.14285714285714,80.51948051948052,82.79220779220779,81.4935064935065
