,Metric,"MLP (seed 305475974, test 1)","MLP (seed 305475974, test 2)","MLP (seed 305475974, test 3)","MLP (seed 305475974, test 4)","MLP (seed 305475974, test 5)"
0,gmean,0.7171371656006361,0.7261081981828945,0.6735877880179904,0.8050764858994133,0.7799326450890334
1,F1,0.8181818181818182,0.7999999999999999,0.7936507936507937,0.8620689655172414,0.7857142857142856
2,Accuracy,76.47058823529412,75.0,72.91666666666666,82.97872340425532,76.92307692307693
