,Metric,Bi-LSTM (seed 305475974),Bi-LSTM (seed 369953070),Bi-LSTM (seed 879273778),Bi-LSTM (seed 965681145),Bi-LSTM (seed 992391276)
0,gmean,0.8001542328782469,0.7798406248041466,0.7835972687798864,0.8193133244876234,0.7700800320836487
1,F1,0.8660968660968661,0.8595505617977529,0.8547008547008547,0.8806818181818182,0.8424068767908309
2,Accuracy,82.5925925925926,81.48148148148148,81.11111111111111,84.44444444444444,79.62962962962963
