,Metric,"RNN (seed 369953070, test 1)","RNN (seed 369953070, test 2)","RNN (seed 369953070, test 3)","RNN (seed 369953070, test 4)","RNN (seed 369953070, test 5)"
0,gmean,0.7618117502750551,0.697589432290069,0.6929523265198467,0.5388159060803247,0.7805406443478722
1,F1,0.8125,0.7887323943661971,0.8433734939759037,0.7714285714285716,0.8405797101449276
2,Accuracy,77.35849056603774,73.21428571428571,77.19298245614034,67.3469387755102,80.0
