,Metric,"Bi-LSTM (seed 369953070, test 1)","Bi-LSTM (seed 369953070, test 2)","Bi-LSTM (seed 369953070, test 3)","Bi-LSTM (seed 369953070, test 4)","Bi-LSTM (seed 369953070, test 5)"
0,gmean,0.7453559924999299,0.838870492807861,0.8693756112799416,0.61786757427666,0.8532339005095652
1,F1,0.8311688311688312,0.8888888888888888,0.9069767441860465,0.8,0.878048780487805
2,Accuracy,78.33333333333333,85.5072463768116,88.05970149253731,71.875,84.84848484848484
