,Metric,"LSTM (seed 369953070, test 1)","LSTM (seed 369953070, test 2)","LSTM (seed 369953070, test 3)","LSTM (seed 369953070, test 4)","LSTM (seed 369953070, test 5)"
0,gmean,0.7860573635949152,0.818665234364723,0.8838834764831844,0.5880508840779972,0.876234307285912
1,F1,0.8735632183908046,0.8842105263157894,0.9278350515463918,0.8,0.891566265060241
2,Accuracy,83.07692307692308,84.50704225352112,90.27777777777779,71.21212121212122,86.56716417910447
