,Metric,Transformer (seed 305475974),Transformer (seed 369953070),Transformer (seed 879273778),Transformer (seed 965681145),Transformer (seed 992391276)
0,gmean,0.0,0.0,0.0,0.0,0.0
1,F1,0.8,0.8,0.8,0.8,0.8
2,Accuracy,66.66666666666666,66.66666666666666,66.66666666666666,66.66666666666666,66.66666666666666
