,Metric,"LSTM (seed 305475974, test 1)","LSTM (seed 305475974, test 2)","LSTM (seed 305475974, test 3)","LSTM (seed 305475974, test 4)","LSTM (seed 305475974, test 5)"
0,gmean,0.8351171384426468,0.8081614937622307,0.8333333333333334,0.7672264096317094,0.8452401400246814
1,F1,0.8809523809523809,0.8461538461538461,0.8641975308641975,0.8705882352941177,0.8915662650602411
2,Accuracy,84.84848484848484,81.25,83.33333333333334,82.25806451612904,86.15384615384616
