,Metric,"RNN (seed 305475974, test 1)","RNN (seed 305475974, test 2)","RNN (seed 305475974, test 3)","RNN (seed 305475974, test 4)","RNN (seed 305475974, test 5)"
0,gmean,0.7715167498104596,0.6997614855970284,0.7704331583349644,0.67700320038633,0.7947194142390263
1,F1,0.8333333333333334,0.7887323943661971,0.8285714285714286,0.8354430379746837,0.8888888888888888
2,Accuracy,78.94736842105263,72.22222222222221,78.18181818181819,76.78571428571429,84.7457627118644
