,Metric,Bi-LSTM (seed 305475974),Bi-LSTM (seed 369953070),Bi-LSTM (seed 879273778),Bi-LSTM (seed 965681145),Bi-LSTM (seed 992391276)
0,gmean,0.7530758844042431,0.7745966692414834,0.8820896733217218,0.8882798522371264,0.7639120655125277
1,F1,0.9583333333333334,0.9864864864864865,0.9793103448275863,0.9863013698630136,0.9726027397260274
2,Accuracy,92.3076923076923,97.43589743589743,96.15384615384616,97.43589743589743,94.87179487179486
