,Metric,Transformer (seed 305475974),Transformer (seed 369953070),Transformer (seed 879273778),Transformer (seed 965681145),Transformer (seed 992391276)
0,gmean,0.48832523840319625,0.9766504768063925,0.8458041235325207,0.48832523840319625,0.48832523840319625
1,F1,0.9538461538461539,0.9763779527559054,0.96875,0.9538461538461539,0.9538461538461539
2,Accuracy,91.30434782608695,95.65217391304348,94.20289855072464,91.30434782608695,91.30434782608695
