,Metric,"LSTM (seed 305475974, fold 1)","LSTM (seed 305475974, fold 2)","LSTM (seed 305475974, fold 3)","LSTM (seed 305475974, fold 4)","LSTM (seed 305475974, fold 5)"
0,gmean,0.0,0.0,0.0,0.0,0.0
1,F1,0.9056603773584904,0.8846153846153847,0.8627450980392156,0.9259259259259259,0.9056603773584904
2,Accuracy,82.75862068965517,79.3103448275862,75.86206896551724,86.20689655172413,82.75862068965517
