,Metric,"RNN (seed 369953070, test 1)","RNN (seed 369953070, test 2)","RNN (seed 369953070, test 3)","RNN (seed 369953070, test 4)","RNN (seed 369953070, test 5)"
0,gmean,0.7888855592111665,0.7185432122190613,0.6894491540747741,0.5360360002581719,0.7874247946206449
1,F1,0.8478260869565217,0.8172043010752688,0.8349514563106796,0.7676767676767677,0.8723404255319149
2,Accuracy,80.28169014084507,75.71428571428571,76.71232876712328,66.66666666666666,82.6086956521739
