,Metric,"Bi-LSTM (seed 965681145, test 1)","Bi-LSTM (seed 965681145, test 2)","Bi-LSTM (seed 965681145, test 3)","Bi-LSTM (seed 965681145, test 4)","Bi-LSTM (seed 965681145, test 5)"
0,gmean,0.8057949835755716,0.823754471047914,0.8215838362577492,0.8660254037844386,0.8088605066072494
1,F1,0.888888888888889,0.875,0.8910891089108911,0.9166666666666666,0.8723404255319149
2,Accuracy,84.72222222222221,83.56164383561644,85.13513513513513,88.57142857142857,83.09859154929578
