,Metric,"LSTM (seed 879273778, test 1)","LSTM (seed 879273778, test 2)","LSTM (seed 879273778, test 3)","LSTM (seed 879273778, test 4)","LSTM (seed 879273778, test 5)"
0,gmean,0.8340576562282991,0.6827043806200671,0.7803680919760616,0.8044366359847487,0.8428938755680252
1,F1,0.8648648648648649,0.8131868131868132,0.8108108108108107,0.888888888888889,0.8860759493670887
2,Accuracy,83.60655737704919,74.6268656716418,77.77777777777779,84.84848484848484,85.71428571428571
