,Metric,"Bi-LSTM (seed 305475974, test 1)","Bi-LSTM (seed 305475974, test 2)","Bi-LSTM (seed 305475974, test 3)","Bi-LSTM (seed 305475974, test 4)","Bi-LSTM (seed 305475974, test 5)","Bi-LSTM (seed 369953070, test 1)","Bi-LSTM (seed 369953070, test 2)","Bi-LSTM (seed 369953070, test 3)","Bi-LSTM (seed 369953070, test 4)","Bi-LSTM (seed 369953070, test 5)","Bi-LSTM (seed 879273778, test 1)","Bi-LSTM (seed 879273778, test 2)","Bi-LSTM (seed 879273778, test 3)","Bi-LSTM (seed 879273778, test 4)","Bi-LSTM (seed 879273778, test 5)","Bi-LSTM (seed 965681145, test 1)","Bi-LSTM (seed 965681145, test 2)","Bi-LSTM (seed 965681145, test 3)","Bi-LSTM (seed 965681145, test 4)","Bi-LSTM (seed 965681145, test 5)","Bi-LSTM (seed 992391276, test 1)","Bi-LSTM (seed 992391276, test 2)","Bi-LSTM (seed 992391276, test 3)","Bi-LSTM (seed 992391276, test 4)","Bi-LSTM (seed 992391276, test 5)"
0,gmean,0.7745966692414834,0.7514691493021795,0.8124213497330888,0.796084166404533,0.828078671210825,0.7262730392025629,0.8314971796756814,0.8918825850158447,0.5229763603684907,0.847435376973795,0.79270320951689,0.7078920193865101,0.7947194142390264,0.7994358913389505,0.8119979429411502,0.7637626158259734,0.802925055461993,0.8119604537127111,0.8804509063256238,0.8311374577554609,0.7366380786483473,0.6426161105878412,0.8616843969807043,0.809606191227531,0.7745966692414834
1,F1,0.8674698795180723,0.8311688311688312,0.8405797101449275,0.9069767441860466,0.888888888888889,0.8571428571428571,0.8831168831168831,0.9302325581395349,0.7710843373493976,0.8732394366197184,0.8611111111111112,0.8631578947368421,0.8333333333333333,0.8717948717948718,0.888888888888889,0.8641975308641975,0.8571428571428572,0.8831168831168831,0.9302325581395349,0.8974358974358975,0.8235294117647058,0.8192771084337349,0.88,0.8695652173913043,0.8674698795180723
2,Accuracy,81.9672131147541,77.19298245614034,80.35714285714286,86.66666666666667,85.24590163934425,80.0,85.0,90.0,66.66666666666666,84.48275862068965,81.13207547169812,80.0,79.3103448275862,83.05084745762711,85.0,81.35593220338984,81.66666666666667,84.21052631578947,90.1639344262295,86.20689655172413,76.5625,74.13793103448276,85.0,82.6923076923077,81.9672131147541
