,Metric,"MLP (seed 965681145, test 1)","MLP (seed 965681145, test 2)","MLP (seed 965681145, test 3)","MLP (seed 965681145, test 4)","MLP (seed 965681145, test 5)"
0,gmean,0.8416254115301731,0.7025087319873814,0.6303069265884886,0.7272727272727273,0.7110243002567181
1,F1,0.8395061728395062,0.845360824742268,0.8367346938775511,0.7804878048780488,0.8297872340425533
2,Accuracy,81.42857142857143,78.26086956521739,76.11940298507463,72.72727272727273,76.81159420289855
