,Metric,"Bi-LSTM (seed 305475974, test 1)","Bi-LSTM (seed 305475974, test 2)","Bi-LSTM (seed 305475974, test 3)","Bi-LSTM (seed 305475974, test 4)","Bi-LSTM (seed 305475974, test 5)","Bi-LSTM (seed 369953070, test 1)","Bi-LSTM (seed 369953070, test 2)","Bi-LSTM (seed 369953070, test 3)","Bi-LSTM (seed 369953070, test 4)","Bi-LSTM (seed 369953070, test 5)","Bi-LSTM (seed 879273778, test 1)","Bi-LSTM (seed 879273778, test 2)","Bi-LSTM (seed 879273778, test 3)","Bi-LSTM (seed 879273778, test 4)","Bi-LSTM (seed 879273778, test 5)","Bi-LSTM (seed 965681145, test 1)","Bi-LSTM (seed 965681145, test 2)","Bi-LSTM (seed 965681145, test 3)","Bi-LSTM (seed 965681145, test 4)","Bi-LSTM (seed 965681145, test 5)","Bi-LSTM (seed 992391276, test 1)","Bi-LSTM (seed 992391276, test 2)","Bi-LSTM (seed 992391276, test 3)","Bi-LSTM (seed 992391276, test 4)","Bi-LSTM (seed 992391276, test 5)"
0,gmean,0.7934920476158722,0.8159164767117386,0.8192653124439683,0.7190587281616534,0.847362529153817,0.7489308618940976,0.8400094892493688,0.8731616960894073,0.61786757427666,0.8569127825562018,0.8094487507439182,0.754615428178118,0.8005454489740204,0.8206277790148352,0.8352690695845568,0.8024583440524461,0.8283182426526118,0.8226963402694113,0.8731533051044793,0.8048150549829897,0.7664191894673175,0.6149186938124421,0.8881214387247279,0.8309766806076648,0.7718449849879597
1,F1,0.8695652173913044,0.8604651162790699,0.8666666666666666,0.8333333333333334,0.896551724137931,0.8433734939759037,0.8913043478260869,0.9148936170212766,0.8,0.8837209302325582,0.8571428571428572,0.8631578947368421,0.8395061728395062,0.891304347826087,0.898876404494382,0.8791208791208791,0.8764044943820225,0.8809523809523809,0.9213483146067416,0.8636363636363636,0.8292682926829268,0.7674418604651162,0.9024390243902439,0.8936170212765957,0.8659793814432989
2,Accuracy,82.6086956521739,82.35294117647058,82.85714285714286,77.41935483870968,86.56716417910447,79.36507936507937,85.71428571428571,88.73239436619718,71.875,85.29411764705883,81.81818181818183,81.15942028985508,80.3030303030303,85.29411764705883,86.56716417910447,83.82352941176471,84.05797101449275,84.61538461538461,89.39393939393939,82.35294117647058,78.46153846153847,68.75,88.05970149253731,85.5072463768116,81.69014084507043
