,Metric,LSTM (seed 305475974),LSTM (seed 369953070),LSTM (seed 879273778),LSTM (seed 965681145),LSTM (seed 992391276)
0,gmean,0.8197488547251067,0.7950546917455344,0.7950104618385856,0.8210347360719261,0.8034360767993792
1,F1,0.8786610878661089,0.8752556237218814,0.8672199170124482,0.8838174273858921,0.8737060041407868
2,Accuracy,83.84401114206128,83.008356545961,82.17270194986072,84.40111420612814,83.008356545961
