,Metric,"LSTM (seed 965681145, test 1)","LSTM (seed 965681145, test 2)","LSTM (seed 965681145, test 3)","LSTM (seed 965681145, test 4)","LSTM (seed 965681145, test 5)"
0,gmean,1.0,0.7637626158259733,0.9428090415820634,0.8660254037844386,0.6846531968814576
1,F1,1.0,0.875,0.9411764705882353,0.8571428571428571,0.7142857142857143
2,Accuracy,100.0,81.81818181818183,92.85714285714286,85.71428571428571,66.66666666666666
