,Metric,Bi-LSTM (seed 305475974),Bi-LSTM (seed 369953070),Bi-LSTM (seed 879273778),Bi-LSTM (seed 965681145),Bi-LSTM (seed 992391276)
0,gmean,0.7957606454936188,0.7785850565387745,0.7881386048123127,0.8109918959816881,0.7652452872198228
1,F1,0.8389057750759878,0.8277945619335346,0.8328267477203648,0.851063829787234,0.8145896656534956
2,Accuracy,80.72727272727272,79.27272727272727,80.0,82.18181818181817,77.81818181818181
