,Metric,"LSTM (seed 879273778, test 1)","LSTM (seed 879273778, test 2)","LSTM (seed 879273778, test 3)","LSTM (seed 879273778, test 4)","LSTM (seed 879273778, test 5)"
0,gmean,0.8397595979782586,0.6894491540747741,0.7821396449755147,0.8075728530872482,0.8452401400246814
1,F1,0.875,0.8349514563106796,0.8192771084337349,0.9,0.8915662650602411
2,Accuracy,84.375,76.71232876712328,77.94117647058823,85.91549295774648,86.15384615384616
