,Metric,"Bi-LSTM (seed 992391276, test 1, fold 1)","Bi-LSTM (seed 992391276, test 1, fold 2)","Bi-LSTM (seed 992391276, test 1, fold 3)","Bi-LSTM (seed 992391276, test 1, fold 4)","Bi-LSTM (seed 992391276, test 1, fold 5)","Bi-LSTM (seed 992391276, test 2, fold 1)","Bi-LSTM (seed 992391276, test 2, fold 2)","Bi-LSTM (seed 992391276, test 2, fold 3)","Bi-LSTM (seed 992391276, test 2, fold 4)","Bi-LSTM (seed 992391276, test 2, fold 5)","Bi-LSTM (seed 992391276, test 3, fold 1)","Bi-LSTM (seed 992391276, test 3, fold 2)","Bi-LSTM (seed 992391276, test 3, fold 3)","Bi-LSTM (seed 992391276, test 3, fold 4)","Bi-LSTM (seed 992391276, test 3, fold 5)","Bi-LSTM (seed 992391276, test 4, fold 1)","Bi-LSTM (seed 992391276, test 4, fold 2)","Bi-LSTM (seed 992391276, test 4, fold 3)","Bi-LSTM (seed 992391276, test 4, fold 4)","Bi-LSTM (seed 992391276, test 4, fold 5)","Bi-LSTM (seed 992391276, test 5, fold 1)","Bi-LSTM (seed 992391276, test 5, fold 2)","Bi-LSTM (seed 992391276, test 5, fold 3)","Bi-LSTM (seed 992391276, test 5, fold 4)","Bi-LSTM (seed 992391276, test 5, fold 5)"
0,gmean,0.3481553119113957,0.6779350703393059,0.8195835355332437,0.8118441408859887,0.8118441408859887,0.5539117094069973,0.5765295860893556,0.5539117094069973,0.5994789404140899,0.5653337710833068,0.7806247497997998,0.879452954966893,0.793036096278095,0.8172935519138763,0.8068715304598786,0.820412654142367,0.7337993857053428,0.6868732574462859,0.7544738360147217,0.792593923901217,0.7945521577046603,0.8024583440524461,0.753778361444409,0.7752484124524868,0.753778361444409
1,F1,0.7441860465116279,0.7536231884057971,0.8484848484848486,0.8529411764705883,0.8529411764705883,0.7397260273972602,0.7323943661971831,0.6956521739130435,0.696969696969697,0.7142857142857143,0.8125,0.8852459016393444,0.7777777777777778,0.84375,0.8196721311475409,0.8860759493670887,0.8536585365853658,0.6969696969696971,0.8809523809523809,0.875,0.8064516129032258,0.8571428571428571,0.7812499999999999,0.823529411764706,0.8333333333333333
2,Accuracy,61.40350877192983,70.17543859649122,82.45614035087719,82.45614035087719,82.45614035087719,64.81481481481481,64.81481481481481,61.111111111111114,62.96296296296296,62.96296296296296,78.57142857142857,87.5,78.57142857142857,82.14285714285714,80.35714285714286,84.7457627118644,79.66101694915254,66.10169491525424,83.05084745762711,83.05084745762711,78.94736842105263,82.45614035087719,75.43859649122807,78.94736842105263,78.94736842105263
