,Metric,Random Forest (seed 305475974),Random Forest (seed 369953070),Random Forest (seed 879273778),Random Forest (seed 965681145),Random Forest (seed 992391276)
0,gmean,0.8944271909999159,0.8944271909999159,0.885253336275981,0.8898520858512822,0.8898520858512822
1,F1,0.9949238578680203,0.9949238578680203,0.9846153846153847,0.9897959183673469,0.9897959183673469
2,Accuracy,99.02912621359224,99.02912621359224,97.0873786407767,98.05825242718447,98.05825242718447
