,Metric,"MLP (seed 305475974, test 1)","MLP (seed 305475974, test 2)","MLP (seed 305475974, test 3)","MLP (seed 305475974, test 4)","MLP (seed 305475974, test 5)"
0,gmean,0.7745966692414834,0.8451542547285166,0.4472135954999579,0.0,0.8451542547285166
1,F1,0.9,0.9,0.846153846153846,0.6250000000000001,0.8333333333333333
2,Accuracy,84.61538461538461,87.5,75.0,45.45454545454545,80.0
