,Metric,"Transformer (seed 305475974, test 1)","Transformer (seed 305475974, test 2)","Transformer (seed 305475974, test 3)","Transformer (seed 305475974, test 4)","Transformer (seed 305475974, test 5)"
0,gmean,0.8219949365267865,0.7071067811865476,0.8471083712209393,0.7889706886030352,0.7905694150420949
1,F1,0.8450704225352113,0.75,0.8732394366197184,0.8285714285714286,0.8333333333333334
2,Accuracy,81.9672131147541,71.42857142857143,85.0,79.3103448275862,80.0
