,Metric,"LSTM (seed 965681145, test 1)","LSTM (seed 965681145, test 2)","LSTM (seed 965681145, test 3)","LSTM (seed 965681145, test 4)","LSTM (seed 965681145, test 5)"
0,gmean,0.7540739028638984,0.7998161553463028,0.8272941341600244,0.8873743038201038,0.768024577179711
1,F1,0.8169014084507041,0.8405797101449276,0.8732394366197184,0.9117647058823528,0.7999999999999999
2,Accuracy,77.58620689655173,81.03448275862068,84.21052631578947,89.28571428571429,76.92307692307693
