,Metric,"LSTM (seed 305475974, test 1)","LSTM (seed 305475974, test 2)","LSTM (seed 305475974, test 3)","LSTM (seed 305475974, test 4)","LSTM (seed 305475974, test 5)"
0,gmean,0.8075728530872482,0.7878385971583354,0.8622518546628736,0.7617177323282658,0.8275159265510557
1,F1,0.8333333333333334,0.8,0.8852459016393444,0.8493150684931507,0.8615384615384615
2,Accuracy,81.13207547169812,78.43137254901961,86.79245283018868,80.35714285714286,83.63636363636363
