,Metric,"MLP (seed 369953070, test 1)","MLP (seed 369953070, test 2)","MLP (seed 369953070, test 3)","MLP (seed 369953070, test 4)","MLP (seed 369953070, test 5)"
0,gmean,0.7974142996067924,0.754983443527075,0.8046738469715541,0.6123724356957946,0.8722783759886469
1,F1,0.8571428571428571,0.8085106382978724,0.8222222222222222,0.8518518518518519,0.9032258064516129
2,Accuracy,81.42857142857143,75.67567567567568,78.37837837837837,77.46478873239437,87.32394366197182
