,Metric,"MLP (seed 305475974, test 1)","MLP (seed 305475974, test 2)","MLP (seed 305475974, test 3)","MLP (seed 305475974, test 4)","MLP (seed 305475974, test 5)"
0,gmean,0.722806322324201,0.7447293795329253,0.6682596597781153,0.8092210511828145,0.7979565739296538
1,F1,0.8421052631578947,0.8450704225352113,0.8000000000000002,0.8787878787878788,0.8125
2,Accuracy,78.57142857142857,78.84615384615384,73.07692307692307,84.31372549019608,78.57142857142857
