,Metric,"RNN (seed 879273778, test 1)","RNN (seed 879273778, test 2)","RNN (seed 879273778, test 3)","RNN (seed 879273778, test 4)","RNN (seed 879273778, test 5)"
0,gmean,0.7958224257542215,0.7745966692414834,0.7319250547113999,0.7464200272921789,0.7332080093414188
1,F1,0.8260869565217391,0.8275862068965518,0.7547169811320756,0.8387096774193549,0.8387096774193549
2,Accuracy,79.48717948717949,79.16666666666666,72.91666666666666,79.16666666666666,78.72340425531915
