,Metric,"LSTM (seed 965681145, test 1)","LSTM (seed 965681145, test 2)","LSTM (seed 965681145, test 3)","LSTM (seed 965681145, test 4)","LSTM (seed 965681145, test 5)"
0,gmean,0.7708455737375188,0.7958224257542215,0.8364283610093426,0.8970797434541159,0.7958224257542215
1,F1,0.8631578947368421,0.853932584269663,0.8837209302325582,0.9318181818181818,0.853932584269663
2,Accuracy,81.42857142857143,81.15942028985508,85.07462686567165,90.9090909090909,81.15942028985508
