,Metric,"RNN (seed 305475974, test 1)","RNN (seed 305475974, test 2)","RNN (seed 305475974, test 3)","RNN (seed 305475974, test 4)","RNN (seed 305475974, test 5)"
0,gmean,0.7192991758286853,0.6666666666666666,0.8223919396586149,0.6633249580710799,0.79115480528524
1,F1,0.7391304347826085,0.7111111111111111,0.851063829787234,0.7719298245614036,0.8666666666666665
2,Accuracy,72.09302325581395,66.66666666666666,82.92682926829268,71.11111111111111,82.97872340425532
