,Metric,"RNN (seed 305475974, test 1)","RNN (seed 305475974, test 2)","RNN (seed 305475974, test 3)","RNN (seed 305475974, test 4)","RNN (seed 305475974, test 5)"
0,gmean,0.77162855573088,0.7186994682200861,0.8340576562282991,0.6154574548966637,0.8172252705693474
1,F1,0.8169014084507044,0.7692307692307692,0.8767123287671232,0.7692307692307692,0.88
2,Accuracy,77.96610169491525,72.72727272727273,84.7457627118644,68.96551724137932,84.7457627118644
