,Metric,"Bi-LSTM (seed 305475974, test 1)","Bi-LSTM (seed 305475974, test 2)","Bi-LSTM (seed 305475974, test 3)","Bi-LSTM (seed 305475974, test 4)","Bi-LSTM (seed 305475974, test 5)"
0,gmean,0.7745966692414834,0.7514691493021795,0.8181477384906107,0.7771414907414373,0.8302664654363188
1,F1,0.8674698795180723,0.8311688311688312,0.8493150684931507,0.8988764044943819,0.8941176470588236
2,Accuracy,81.9672131147541,77.19298245614034,81.03448275862068,85.48387096774194,85.71428571428571
