,Metric,"RNN (seed 992391276, test 1)","RNN (seed 992391276, test 2)","RNN (seed 992391276, test 3)","RNN (seed 992391276, test 4)","RNN (seed 992391276, test 5)"
0,gmean,0.7612788283838284,0.6077155435054972,0.7998161553463028,0.7367883976130072,0.609449400220044
1,F1,0.8059701492537314,0.742857142857143,0.8405797101449276,0.8636363636363636,0.6857142857142857
2,Accuracy,77.19298245614034,66.66666666666666,81.03448275862068,80.64516129032258,62.71186440677966
