,Metric,"Bi-LSTM (seed 305475974, test 1, fold 1)","Bi-LSTM (seed 305475974, test 1, fold 2)","Bi-LSTM (seed 305475974, test 1, fold 3)","Bi-LSTM (seed 305475974, test 1, fold 4)","Bi-LSTM (seed 305475974, test 1, fold 5)","Bi-LSTM (seed 305475974, test 2, fold 1)","Bi-LSTM (seed 305475974, test 2, fold 2)","Bi-LSTM (seed 305475974, test 2, fold 3)","Bi-LSTM (seed 305475974, test 2, fold 4)","Bi-LSTM (seed 305475974, test 2, fold 5)","Bi-LSTM (seed 305475974, test 3, fold 1)","Bi-LSTM (seed 305475974, test 3, fold 2)","Bi-LSTM (seed 305475974, test 3, fold 3)","Bi-LSTM (seed 305475974, test 3, fold 4)","Bi-LSTM (seed 305475974, test 3, fold 5)","Bi-LSTM (seed 305475974, test 4, fold 1)","Bi-LSTM (seed 305475974, test 4, fold 2)","Bi-LSTM (seed 305475974, test 4, fold 3)","Bi-LSTM (seed 305475974, test 4, fold 4)","Bi-LSTM (seed 305475974, test 4, fold 5)","Bi-LSTM (seed 305475974, test 5, fold 1)","Bi-LSTM (seed 305475974, test 5, fold 2)","Bi-LSTM (seed 305475974, test 5, fold 3)","Bi-LSTM (seed 305475974, test 5, fold 4)","Bi-LSTM (seed 305475974, test 5, fold 5)"
0,gmean,0.8017837257372731,0.7284313590846835,0.7053006306475536,0.7559289460184544,0.7377111135633174,0.6873992511608185,0.7133479152748331,0.7365821009835644,0.7244464749279004,0.7888855592111665,0.8112726208286105,0.813888792149391,0.7921811790292441,0.7468755781599106,0.7698617244868925,0.7401527456927535,0.7564217825019837,0.6852482888641929,0.7879527683924914,0.6971993664094505,0.7778397792747695,0.8100925873009825,0.7264831572567788,0.7144345083117604,0.8003905296791061
1,F1,0.8659793814432989,0.8125,0.8571428571428571,0.8484848484848485,0.8247422680412372,0.8282828282828283,0.8367346938775511,0.7816091954022989,0.8043478260869565,0.8478260869565217,0.8775510204081631,0.8631578947368421,0.8541666666666667,0.8367346938775511,0.845360824742268,0.8653846153846153,0.8867924528301886,0.8490566037735849,0.8571428571428572,0.8349514563106797,0.8541666666666666,0.875,0.8085106382978724,0.8400000000000001,0.8631578947368421
2,Accuracy,82.1917808219178,75.34246575342466,79.45205479452055,79.45205479452055,76.71232876712328,76.05633802816901,77.46478873239437,73.23943661971832,74.64788732394366,80.28169014084507,83.56164383561644,82.1917808219178,80.82191780821918,78.08219178082192,79.45205479452055,80.82191780821918,83.56164383561644,78.08219178082192,80.82191780821918,76.71232876712328,80.55555555555556,83.33333333333334,75.0,77.77777777777779,81.94444444444444
