,Metric,Random Forest (seed 305475974),Random Forest (seed 369953070),Random Forest (seed 879273778),Random Forest (seed 965681145),Random Forest (seed 992391276)
0,gmean,0.8010283946927951,0.7867656210269062,0.7886190172842948,0.7740586446505272,0.775276712480389
1,F1,0.8796680497925312,0.8742268041237113,0.8765432098765433,0.8711656441717792,0.8683127572016461
2,Accuracy,83.66197183098592,82.8169014084507,83.09859154929578,82.25352112676056,81.97183098591549
