,Metric,Bi-LSTM (seed 305475974),Bi-LSTM (seed 369953070),Bi-LSTM (seed 879273778),Bi-LSTM (seed 965681145),Bi-LSTM (seed 992391276)
0,gmean,0.7959240828314393,0.7886808244259395,0.8004081976528208,0.8208850283191984,0.7730070533689651
1,F1,0.855072463768116,0.8571428571428571,0.860576923076923,0.8750000000000001,0.8413461538461537
2,Accuracy,81.48148148148148,81.48148148148148,82.09876543209876,83.9506172839506,79.62962962962963
