,Metric,"MLP (seed 879273778, test 1)","MLP (seed 879273778, test 2)","MLP (seed 879273778, test 3)","MLP (seed 879273778, test 4)","MLP (seed 879273778, test 5)"
0,gmean,0.6768400159646507,0.8141195843820602,0.7071067811865476,0.8412999715099778,0.771046169254443
1,F1,0.8181818181818182,0.8571428571428572,0.7692307692307692,0.8641975308641974,0.8764044943820225
2,Accuracy,75.0,82.08955223880598,71.875,83.33333333333334,83.07692307692308
