,Metric,LSTM (seed 305475974),LSTM (seed 369953070),LSTM (seed 879273778),LSTM (seed 965681145),LSTM (seed 992391276)
0,gmean,0.8147575021035661,0.7904308801029192,0.7901141376016806,0.8162045578207721,0.7985997042159187
1,F1,0.873661670235546,0.8702928870292886,0.861995753715499,0.8789808917197452,0.8686440677966103
2,Accuracy,83.33333333333334,82.48587570621469,81.63841807909604,83.89830508474576,82.48587570621469
