,Metric,"Bi-LSTM (seed 305475974, fold 1)","Bi-LSTM (seed 305475974, fold 2)","Bi-LSTM (seed 305475974, fold 3)","Bi-LSTM (seed 305475974, fold 4)","Bi-LSTM (seed 305475974, fold 5)","Bi-LSTM (seed 369953070, fold 1)","Bi-LSTM (seed 369953070, fold 2)","Bi-LSTM (seed 369953070, fold 3)","Bi-LSTM (seed 369953070, fold 4)","Bi-LSTM (seed 369953070, fold 5)","Bi-LSTM (seed 879273778, fold 1)","Bi-LSTM (seed 879273778, fold 2)","Bi-LSTM (seed 879273778, fold 3)","Bi-LSTM (seed 879273778, fold 4)","Bi-LSTM (seed 879273778, fold 5)","Bi-LSTM (seed 965681145, fold 1)","Bi-LSTM (seed 965681145, fold 2)","Bi-LSTM (seed 965681145, fold 3)","Bi-LSTM (seed 965681145, fold 4)","Bi-LSTM (seed 965681145, fold 5)","Bi-LSTM (seed 992391276, fold 1)","Bi-LSTM (seed 992391276, fold 2)","Bi-LSTM (seed 992391276, fold 3)","Bi-LSTM (seed 992391276, fold 4)","Bi-LSTM (seed 992391276, fold 5)"
0,gmean,0.5602819447431605,0.6755077198756877,0.5486081240616181,0.6826561487862892,0.6790913403539243,0.5573864114332941,0.6826561487862892,0.6862024383574915,0.5602819447431605,0.6826561487862892,0.7841471363153638,0.6862024383574915,0.6826561487862892,0.7758490494760018,0.8533201859828614,0.7882634225314344,0.6897304947150052,0.6932405962375867,0.796432173584004,0.7841471363153638,0.5486081240616181,0.7923583250085506,0.7716665443463455,0.6967330142916177,0.6862024383574915
1,F1,0.9509803921568628,0.94,0.9299999999999999,0.9504950495049505,0.9452736318407962,0.9458128078817734,0.9504950495049505,0.9556650246305418,0.9509803921568628,0.9504950495049505,0.95,0.9556650246305418,0.9504950495049505,0.9393939393939394,0.9278350515463917,0.9552238805970149,0.9607843137254902,0.9658536585365853,0.9655172413793104,0.95,0.9299999999999999,0.9603960396039605,0.934010152284264,0.970873786407767,0.9556650246305418
2,Accuracy,90.82568807339449,88.9908256880734,87.1559633027523,90.82568807339449,89.90825688073394,89.90825688073394,90.82568807339449,91.74311926605505,90.82568807339449,90.82568807339449,90.82568807339449,91.74311926605505,90.82568807339449,88.9908256880734,87.1559633027523,91.74311926605505,92.66055045871559,93.57798165137615,93.57798165137615,90.82568807339449,87.1559633027523,92.66055045871559,88.07339449541286,94.4954128440367,91.74311926605505
