,Metric,"RNN (seed 879273778, test 1)","RNN (seed 879273778, test 2)","RNN (seed 879273778, test 3)","RNN (seed 879273778, test 4)","RNN (seed 879273778, test 5)"
0,gmean,0.8289563383053072,0.7884152709427833,0.7385489458759964,0.7637626158259734,0.7178049194865025
1,F1,0.8780487804878049,0.8686868686868686,0.7804878048780488,0.8932038834951457,0.8571428571428571
2,Accuracy,84.375,82.1917808219178,73.52941176470588,84.50704225352112,80.0
