,Metric,Transformer (seed 305475974),Transformer (seed 369953070),Transformer (seed 879273778),Transformer (seed 965681145),Transformer (seed 992391276)
0,gmean,0.8032437593924107,0.8013874526741571,0.8250158277021439,0.8279599654046107,0.808346085032133
1,F1,0.8492462311557789,0.8535980148883374,0.8600508905852416,0.8664987405541562,0.8620689655172413
2,Accuracy,81.25,81.5625,82.8125,83.4375,82.5
