,Metric,Transformer (seed 305475974),Transformer (seed 369953070),Transformer (seed 879273778),Transformer (seed 965681145),Transformer (seed 992391276)
0,gmean,0.8123345118847277,0.7912617259154036,0.8213362536452046,0.8356403194133746,0.7991801963467257
1,F1,0.8444444444444444,0.8375451263537906,0.8452830188679246,0.856060606060606,0.8394160583941607
2,Accuracy,81.73913043478261,80.43478260869566,82.17391304347827,83.47826086956522,80.8695652173913
