,Metric,Random Forest (seed 305475974),Random Forest (seed 369953070),Random Forest (seed 879273778),Random Forest (seed 965681145),Random Forest (seed 992391276)
0,gmean,0.7700958938633611,0.7557003087491329,0.7654938098402893,0.7442399939877727,0.7459489284857812
1,F1,0.8041958041958042,0.7958477508650519,0.8082191780821919,0.7918088737201365,0.7903780068728522
2,Accuracy,77.77777777777779,76.5873015873016,77.77777777777779,75.79365079365078,75.79365079365078
