,Metric,"LSTM (seed 879273778, test 1)","LSTM (seed 879273778, test 2)","LSTM (seed 879273778, test 3)","LSTM (seed 879273778, test 4)","LSTM (seed 879273778, test 5)"
0,gmean,0.8475473343312142,0.6904105059069326,0.7761153731654644,0.7992898356345547,0.8492916438399098
1,F1,0.888888888888889,0.8380952380952381,0.813953488372093,0.8910891089108911,0.9010989010989011
2,Accuracy,85.5072463768116,77.02702702702703,77.14285714285715,84.72222222222221,86.95652173913044
