,Metric,"Transformer (seed 369953070, fold 1)","Transformer (seed 369953070, fold 2)","Transformer (seed 369953070, fold 3)","Transformer (seed 369953070, fold 4)","Transformer (seed 369953070, fold 5)"
0,gmean,0.0,0.0,0.0,0.0,0.0
1,F1,0.9491525423728815,0.9310344827586207,0.9666666666666667,0.9491525423728815,0.9491525423728815
2,Accuracy,90.32258064516128,87.09677419354838,93.54838709677419,90.32258064516128,90.32258064516128
