,Metric,Transformer (seed 305475974),Transformer (seed 369953070),Transformer (seed 879273778),Transformer (seed 965681145),Transformer (seed 992391276)
0,gmean,0.7912565680749445,0.8021709673564391,0.8021709673564391,0.8075728530872482,0.8597269536210951
1,F1,0.8372093023255814,0.8505747126436782,0.8505747126436782,0.8791208791208792,0.898876404494382
2,Accuracy,78.78787878787878,80.3030303030303,80.3030303030303,83.33333333333334,86.36363636363636
