,Metric,Bi-LSTM (seed 305475974),Bi-LSTM (seed 369953070),Bi-LSTM (seed 879273778),Bi-LSTM (seed 965681145),Bi-LSTM (seed 992391276)
0,gmean,0.7996991749846635,0.7768458946057026,0.7828229629892188,0.8165351522285449,0.7688178437023705
1,F1,0.8614457831325302,0.8511904761904763,0.8493975903614458,0.8734939759036143,0.8363636363636364
2,Accuracy,82.3076923076923,80.76923076923077,80.76923076923077,83.84615384615385,79.23076923076923
