,Metric,"LSTM (seed 369953070, test 1)","LSTM (seed 369953070, test 2)","LSTM (seed 369953070, test 3)","LSTM (seed 369953070, test 4)","LSTM (seed 369953070, test 5)"
0,gmean,0.7817359599705715,0.8266397845091497,0.8804509063256238,0.5942460045232401,0.8743045770369184
1,F1,0.8571428571428571,0.891304347826087,0.9195402298850575,0.8043478260869564,0.8888888888888888
2,Accuracy,81.66666666666667,85.5072463768116,89.55223880597015,71.875,86.36363636363636
