,Metric,"RNN (seed 879273778, test 1)","RNN (seed 879273778, test 2)","RNN (seed 879273778, test 3)","RNN (seed 879273778, test 4)","RNN (seed 879273778, test 5)"
0,gmean,0.8331955809010618,0.7863570994927847,0.7299963950884315,0.7470480627649121,0.7164977208318385
1,F1,0.8615384615384615,0.8275862068965517,0.7605633802816901,0.8607594936708861,0.8421052631578947
2,Accuracy,83.63636363636363,80.0,72.58064516129032,81.03448275862068,78.57142857142857
