,Metric,"Transformer (seed 305475974, test 1)","Transformer (seed 305475974, test 2)","Transformer (seed 305475974, test 3)","Transformer (seed 305475974, test 4)","Transformer (seed 305475974, test 5)"
0,gmean,0.8376080835255243,0.6433842981607694,0.8348141712647579,0.8871510790372951,0.7887457230744283
1,F1,0.8666666666666667,0.7169811320754716,0.8571428571428572,0.9090909090909091,0.84375
2,Accuracy,84.31372549019608,65.9090909090909,83.33333333333334,89.36170212765957,80.76923076923077
