,Metric,LSTM (seed 305475974),LSTM (seed 369953070),LSTM (seed 879273778),LSTM (seed 965681145),LSTM (seed 992391276)
0,gmean,0.8131321396523993,0.7896297092136669,0.778460409525689,0.8121950992693098,0.7863440004181398
1,F1,0.8778054862842893,0.8725490196078431,0.8585607940446649,0.8811881188118812,0.8635235732009925
2,Accuracy,83.61204013377926,82.6086956521739,80.93645484949833,83.94648829431438,81.60535117056857
