,Metric,Bi-LSTM (seed 305475974),Bi-LSTM (seed 369953070),Bi-LSTM (seed 879273778),Bi-LSTM (seed 965681145),Bi-LSTM (seed 992391276)
0,gmean,0.744983221287567,0.7745966692414834,0.8944271909999159,0.8831760866327847,0.7648529270389177
1,F1,0.9367088607594937,0.975609756097561,0.9876543209876543,0.975,0.9629629629629629
2,Accuracy,88.88888888888889,95.55555555555556,97.77777777777777,95.55555555555556,93.33333333333333
