,Metric,"Transformer (seed 992391276, fold 1)","Transformer (seed 992391276, fold 2)","Transformer (seed 992391276, fold 3)","Transformer (seed 992391276, fold 4)","Transformer (seed 992391276, fold 5)"
0,gmean,0.0,0.0,0.0,1.0,0.0
1,F1,0.9743589743589743,0.9473684210526315,0.9743589743589743,1.0,0.9743589743589743
2,Accuracy,95.0,90.0,95.0,100.0,95.0
