,Metric,"RNN (seed 305475974, test 1)","RNN (seed 305475974, test 2)","RNN (seed 305475974, test 3)","RNN (seed 305475974, test 4)","RNN (seed 305475974, test 5)"
0,gmean,0.7958224257542215,0.7385489458759964,0.7974142996067924,0.621581560508061,0.8124271529114957
1,F1,0.853932584269663,0.8181818181818182,0.8571428571428571,0.7906976744186046,0.8913043478260869
2,Accuracy,81.15942028985508,76.47058823529412,81.42857142857143,70.96774193548387,85.29411764705883
