,Metric,LSTM (seed 305475974),LSTM (seed 369953070),LSTM (seed 879273778),LSTM (seed 965681145),LSTM (seed 992391276)
0,gmean,0.8237085423327019,0.7999959256741099,0.7941687740782754,0.81917016871919,0.8031980569224927
1,F1,0.8755980861244019,0.8717948717948718,0.8571428571428571,0.873508353221957,0.8646080760095012
2,Accuracy,84.04907975460122,83.12883435582822,81.59509202453987,83.74233128834356,82.51533742331289
