,Metric,"Bi-LSTM (seed 305475974, test 1)","Bi-LSTM (seed 305475974, test 2)","Bi-LSTM (seed 305475974, test 3)","Bi-LSTM (seed 305475974, test 4)","Bi-LSTM (seed 305475974, test 5)"
0,gmean,0.7702924013851581,0.7995026863335392,0.8520300488926865,0.7133290852323237,0.8357807199048718
1,F1,0.8285714285714286,0.8196721311475409,0.8787878787878788,0.8157894736842106,0.8695652173913043
2,Accuracy,78.94736842105263,79.62962962962963,85.71428571428571,75.86206896551724,84.48275862068965
