,Metric,"RNN (seed 879273778, test 1)","RNN (seed 879273778, test 2)","RNN (seed 879273778, test 3)","RNN (seed 879273778, test 4)","RNN (seed 879273778, test 5)"
0,gmean,0.9258200997725514,0.8660254037844386,0.7071067811865476,0.7071067811865476,0.5773502691896257
1,F1,0.9473684210526316,0.9090909090909091,0.75,0.9565217391304348,0.8571428571428571
2,Accuracy,93.75,88.88888888888889,69.23076923076923,92.3076923076923,77.77777777777779
