,Metric,"Bi-LSTM (seed 992391276, test 1)","Bi-LSTM (seed 992391276, test 2)","Bi-LSTM (seed 992391276, test 3)","Bi-LSTM (seed 992391276, test 4)","Bi-LSTM (seed 992391276, test 5)"
0,gmean,0.7612788283838284,0.5959141182784952,0.8688509427884128,0.839500985563391,0.768424485864545
1,F1,0.8059701492537314,0.7246376811594203,0.8749999999999999,0.8915662650602411,0.8378378378378378
2,Accuracy,77.19298245614034,64.81481481481481,86.20689655172413,85.48387096774194,79.66101694915254
