,Metric,"Transformer (seed 965681145, test 1)","Transformer (seed 965681145, test 2)","Transformer (seed 965681145, test 3)","Transformer (seed 965681145, test 4)","Transformer (seed 965681145, test 5)"
0,gmean,0.910465468000326,0.7965498317692588,0.8171677660644335,0.8692269873603532,0.7905694150420949
1,F1,0.9333333333333332,0.8285714285714285,0.8787878787878787,0.8947368421052632,0.8450704225352113
2,Accuracy,91.37931034482759,79.3103448275862,84.31372549019608,86.20689655172413,80.35714285714286
