,Metric,Transformer (seed 305475974),Transformer (seed 369953070),Transformer (seed 879273778),Transformer (seed 965681145),Transformer (seed 992391276)
0,gmean,0.0,0.0,0.0,0.0,0.0
1,F1,0.9508196721311476,0.9508196721311476,0.9333333333333333,0.9508196721311476,0.9508196721311476
2,Accuracy,90.625,90.625,87.5,90.625,90.625
