,Metric,"Bi-LSTM (seed 369953070, test 1)","Bi-LSTM (seed 369953070, test 2)","Bi-LSTM (seed 369953070, test 3)","Bi-LSTM (seed 369953070, test 4)","Bi-LSTM (seed 369953070, test 5)"
0,gmean,0.7057079533454471,0.8434172496486131,0.8501917942185291,0.5976143046671968,0.8564991147635435
1,F1,0.7346938775510203,0.8732394366197184,0.875,0.7187499999999999,0.8695652173913043
2,Accuracy,71.11111111111111,84.7457627118644,85.45454545454545,64.70588235294117,84.48275862068965
