,Metric,"Transformer (seed 965681145, test 1)","Transformer (seed 965681145, test 2)","Transformer (seed 965681145, test 3)","Transformer (seed 965681145, test 4)","Transformer (seed 965681145, test 5)"
0,gmean,0.9124143795447329,0.8047478161629565,0.8238145180262383,0.8761716542303613,0.7966275068156915
1,F1,0.9367088607594937,0.8421052631578948,0.8974358974358975,0.9047619047619048,0.8571428571428572
2,Accuracy,91.66666666666666,80.32786885245902,85.96491228070175,87.09677419354838,81.35593220338984
