,Metric,Bi-LSTM (seed 305475974),Bi-LSTM (seed 369953070),Bi-LSTM (seed 879273778),Bi-LSTM (seed 965681145),Bi-LSTM (seed 992391276)
0,gmean,0.8029311693733661,0.7931516095670299,0.8071907810647178,0.8252996015996088,0.7800730689525218
1,F1,0.8663594470046082,0.8656036446469247,0.871559633027523,0.8827586206896552,0.8532110091743119
2,Accuracy,82.58258258258259,82.28228228228228,83.18318318318319,84.68468468468468,80.78078078078079
