,Metric,"MLP (seed 992391276, test 1)","MLP (seed 992391276, test 2)","MLP (seed 992391276, test 3)","MLP (seed 992391276, test 4)","MLP (seed 992391276, test 5)"
0,gmean,0.816496580927726,0.5477225575051662,0.8660254037844386,0.6324555320336759,0.5773502691896257
1,F1,0.9090909090909091,0.7058823529411765,0.9473684210526316,0.9090909090909091,0.9
2,Accuracy,87.5,61.53846153846154,92.3076923076923,85.0,83.33333333333334
