,Metric,"Transformer (seed 369953070, fold 1)","Transformer (seed 369953070, fold 2)","Transformer (seed 369953070, fold 3)","Transformer (seed 369953070, fold 4)","Transformer (seed 369953070, fold 5)"
0,gmean,0.0,0.0,0.0,0.0,0.0
1,F1,0.918918918918919,0.8888888888888888,0.9473684210526315,0.918918918918919,0.918918918918919
2,Accuracy,85.0,80.0,90.0,85.0,85.0
