,Metric,"Transformer (seed 369953070, test 1)","Transformer (seed 369953070, test 2)","Transformer (seed 369953070, test 3)","Transformer (seed 369953070, test 4)","Transformer (seed 369953070, test 5)"
0,gmean,0.8311374577554609,0.8595864638818418,0.8088605066072494,0.6551400405155631,0.8316295356285923
1,F1,0.8450704225352113,0.8837209302325582,0.8723404255319149,0.813953488372093,0.8837209302325582
2,Accuracy,82.25806451612904,85.5072463768116,83.09859154929578,74.19354838709677,84.84848484848484
