,Metric,"MLP (seed 369953070, test 1)","MLP (seed 369953070, test 2)","MLP (seed 369953070, test 3)","MLP (seed 369953070, test 4)","MLP (seed 369953070, test 5)"
0,gmean,0.6563301233138936,0.6496752435470526,0.6831300510639732,0.6049901419820201,0.811812109790086
1,F1,0.5925925925925927,0.6341463414634148,0.6486486486486487,0.7272727272727272,0.8181818181818182
2,Accuracy,66.66666666666666,65.11627906976744,66.66666666666666,65.71428571428571,80.95238095238095
