,Metric,"Bi-LSTM (seed 369953070, test 1)","Bi-LSTM (seed 369953070, test 2)","Bi-LSTM (seed 369953070, test 3)","Bi-LSTM (seed 369953070, test 4)","Bi-LSTM (seed 369953070, test 5)"
0,gmean,0.7290826165764891,0.8314971796756814,0.8918825850158447,0.5163977794943222,0.8300573566392896
1,F1,0.8695652173913043,0.8831168831168831,0.9302325581395349,0.761904761904762,0.8648648648648649
2,Accuracy,81.25,85.0,90.0,65.51724137931035,83.33333333333334
