,Metric,"MLP (seed 879273778, test 1)","MLP (seed 879273778, test 2)","MLP (seed 879273778, test 3)","MLP (seed 879273778, test 4)","MLP (seed 879273778, test 5)"
0,gmean,0.6708203932499369,0.8154753215150045,0.7211102550927979,0.8546547739343037,0.7742672638813857
1,F1,0.8411214953271027,0.8659793814432989,0.8041237113402062,0.8842105263157894,0.8952380952380952
2,Accuracy,77.02702702702703,82.43243243243244,74.32432432432432,84.93150684931507,84.93150684931507
