,Metric,"LSTM (seed 369953070, test 1)","LSTM (seed 369953070, test 2)","LSTM (seed 369953070, test 3)","LSTM (seed 369953070, test 4)","LSTM (seed 369953070, test 5)"
0,gmean,0.7770873402002615,0.8403907589827896,0.8740073734751262,0.5864072968394589,0.8616082302118188
1,F1,0.8333333333333334,0.8915662650602411,0.9041095890410958,0.7631578947368421,0.8767123287671232
2,Accuracy,80.0,85.9375,88.33333333333333,67.85714285714286,85.0
