,Metric,"Transformer (seed 965681145, test 1)","Transformer (seed 965681145, test 2)","Transformer (seed 965681145, test 3)","Transformer (seed 965681145, test 4)","Transformer (seed 965681145, test 5)"
0,gmean,1.0,0.816496580927726,0.816496580927726,0.8660254037844386,0.5477225575051661
1,F1,1.0,0.9523809523809523,0.8695652173913043,0.9090909090909091,0.6666666666666665
2,Accuracy,100.0,92.3076923076923,82.35294117647058,88.88888888888889,57.14285714285714
