,Metric,"Transformer (seed 965681145, test 1)","Transformer (seed 965681145, test 2)","Transformer (seed 965681145, test 3)","Transformer (seed 965681145, test 4)","Transformer (seed 965681145, test 5)"
0,gmean,0.9166666666666666,0.8011815598800885,0.8150372471769093,0.8528028654224418,0.722447108487122
1,F1,0.9295774647887323,0.8333333333333334,0.8611111111111112,0.8767123287671234,0.7671232876712328
2,Accuracy,91.66666666666666,80.32786885245902,83.05084745762711,85.0,72.58064516129032
