,Metric,"MLP (seed 369953070, test 1)","MLP (seed 369953070, test 2)","MLP (seed 369953070, test 3)","MLP (seed 369953070, test 4)","MLP (seed 369953070, test 5)"
0,gmean,0.8003905296791061,0.7445453821540743,0.8017837257372732,0.6048012062279807,0.8512565307587486
1,F1,0.8631578947368421,0.7906976744186046,0.8181818181818182,0.8349514563106796,0.888888888888889
2,Accuracy,81.94444444444444,74.28571428571429,78.08219178082192,75.36231884057972,85.71428571428571
