,Metric,"LSTM (seed 369953070, test 1)","LSTM (seed 369953070, test 2)","LSTM (seed 369953070, test 3)","LSTM (seed 369953070, test 4)","LSTM (seed 369953070, test 5)"
0,gmean,0.7824607964359516,0.8176051986561517,0.884484553381272,0.568552036114001,0.8613058841590231
1,F1,0.8823529411764707,0.8817204301075269,0.9292929292929293,0.7755102040816326,0.8863636363636365
2,Accuracy,83.56164383561644,84.28571428571429,90.41095890410958,68.11594202898551,85.71428571428571
