,Metric,LSTM (seed 305475974),LSTM (seed 369953070),LSTM (seed 879273778),LSTM (seed 965681145),LSTM (seed 992391276)
0,gmean,0.82915619758885,0.8539125638299665,0.8539125638299665,0.8539125638299665,0.8416254115301731
1,F1,0.9428571428571428,0.9722222222222222,0.9722222222222222,0.9722222222222222,0.9577464788732395
2,Accuracy,90.0,95.0,95.0,95.0,92.5
