,Metric,Random Forest (seed 305475974),Random Forest (seed 369953070),Random Forest (seed 879273778),Random Forest (seed 965681145),Random Forest (seed 992391276)
0,gmean,0.7702113418654883,0.7558135986543866,0.7652029474647013,0.7442178699968052,0.7429456666915709
1,F1,0.808080808080808,0.7999999999999999,0.8118811881188119,0.7960526315789475,0.7906976744186046
2,Accuracy,77.90697674418605,76.74418604651163,77.90697674418605,75.96899224806202,75.5813953488372
