,Metric,"Bi-LSTM (seed 305475974, test 1)","Bi-LSTM (seed 305475974, test 2)","Bi-LSTM (seed 305475974, test 3)","Bi-LSTM (seed 305475974, test 4)","Bi-LSTM (seed 305475974, test 5)","Bi-LSTM (seed 369953070, test 1)","Bi-LSTM (seed 369953070, test 2)","Bi-LSTM (seed 369953070, test 3)","Bi-LSTM (seed 369953070, test 4)","Bi-LSTM (seed 369953070, test 5)","Bi-LSTM (seed 879273778, test 1)","Bi-LSTM (seed 879273778, test 2)","Bi-LSTM (seed 879273778, test 3)","Bi-LSTM (seed 879273778, test 4)","Bi-LSTM (seed 879273778, test 5)","Bi-LSTM (seed 965681145, test 1)","Bi-LSTM (seed 965681145, test 2)","Bi-LSTM (seed 965681145, test 3)","Bi-LSTM (seed 965681145, test 4)","Bi-LSTM (seed 965681145, test 5)","Bi-LSTM (seed 992391276, test 1)","Bi-LSTM (seed 992391276, test 2)","Bi-LSTM (seed 992391276, test 3)","Bi-LSTM (seed 992391276, test 4)","Bi-LSTM (seed 992391276, test 5)"
0,gmean,0.7934920476158722,0.8159164767117386,0.8192653124439683,0.7190587281616534,0.838870492807861,0.75,0.8400094892493688,0.8731616960894073,0.6104676956673597,0.8569127825562018,0.8112353337955757,0.754615428178118,0.7911820221972071,0.8206277790148352,0.8352690695845568,0.8024583440524461,0.8283182426526118,0.8128433340529315,0.8731533051044793,0.806225774829855,0.7572401854185358,0.6149186938124421,0.8897565210026093,0.8309766806076648,0.7718449849879597
1,F1,0.8695652173913044,0.8604651162790699,0.8666666666666666,0.8333333333333334,0.8888888888888888,0.8470588235294118,0.8913043478260869,0.9148936170212766,0.7912087912087913,0.8837209302325582,0.8604651162790699,0.8631578947368421,0.8292682926829267,0.891304347826087,0.898876404494382,0.8791208791208791,0.8764044943820225,0.8705882352941177,0.9213483146067416,0.8666666666666667,0.8192771084337348,0.7674418604651162,0.9047619047619048,0.8936170212765957,0.8659793814432989
2,Accuracy,82.6086956521739,82.35294117647058,82.85714285714286,77.41935483870968,85.5072463768116,79.6875,85.71428571428571,88.73239436619718,70.76923076923077,85.29411764705883,82.08955223880598,81.15942028985508,79.1044776119403,85.29411764705883,86.56716417910447,83.82352941176471,84.05797101449275,83.33333333333334,89.39393939393939,82.6086956521739,77.27272727272727,68.75,88.23529411764706,85.5072463768116,81.69014084507043
