,Metric,"LSTM (seed 879273778, test 1)","LSTM (seed 879273778, test 2)","LSTM (seed 879273778, test 3)","LSTM (seed 879273778, test 4)","LSTM (seed 879273778, test 5)"
0,gmean,0.8094701572534165,0.6504436355879909,0.8191262063537486,0.7784989441615229,0.821480329632298
1,F1,0.8474576271186439,0.8048780487804877,0.8524590163934426,0.8571428571428571,0.8732394366197184
2,Accuracy,80.85106382978722,72.88135593220339,82.35294117647058,81.48148148148148,83.92857142857143
