,Metric,"Bi-LSTM (seed 879273778, test 1)","Bi-LSTM (seed 879273778, test 2)","Bi-LSTM (seed 879273778, test 3)","Bi-LSTM (seed 879273778, test 4)","Bi-LSTM (seed 879273778, test 5)"
0,gmean,0.7878385971583354,0.7250459982682086,0.7814821083775916,0.7977240352174656,0.8206099398622182
1,F1,0.8,0.76,0.8059701492537314,0.8484848484848485,0.8620689655172414
2,Accuracy,78.43137254901961,73.33333333333333,77.96610169491525,81.48148148148148,83.6734693877551
