,Metric,Transformer (seed 305475974),Transformer (seed 369953070),Transformer (seed 879273778),Transformer (seed 965681145),Transformer (seed 992391276)
0,gmean,0.0,0.0,0.0,0.0,0.0
1,F1,0.8571428571428571,0.8571428571428571,0.8571428571428571,0.9333333333333333,0.9333333333333333
2,Accuracy,75.0,75.0,75.0,87.5,87.5
