,Metric,"Transformer (seed 879273778, test 1)","Transformer (seed 879273778, test 2)","Transformer (seed 879273778, test 3)","Transformer (seed 879273778, test 4)","Transformer (seed 879273778, test 5)"
0,gmean,0.7692389264597261,0.8864052604279183,0.7977240352174656,0.7894228308055838,0.8788388496062494
1,F1,0.8051948051948052,0.9166666666666666,0.810126582278481,0.8775510204081632,0.9156626506024096
2,Accuracy,76.5625,89.04109589041096,77.94117647058823,83.09859154929578,89.23076923076924
