,Metric,"MLP (seed 965681145, test 1)","MLP (seed 965681145, test 2)","MLP (seed 965681145, test 3)","MLP (seed 965681145, test 4)","MLP (seed 965681145, test 5)"
0,gmean,0.8109823103448729,0.6856277926728687,0.5907880084379907,0.7331218863588769,0.7901419646647837
1,F1,0.8059701492537313,0.8333333333333333,0.8372093023255814,0.8,0.868421052631579
2,Accuracy,77.96610169491525,76.66666666666667,75.43859649122807,73.77049180327869,82.45614035087719
