,Metric,"RNN (seed 305475974, test 1)","RNN (seed 305475974, test 2)","RNN (seed 305475974, test 3)","RNN (seed 305475974, test 4)","RNN (seed 305475974, test 5)"
0,gmean,0.9428090415820634,0.8451542547285166,0.8944271909999159,0.0,0.9128709291752769
1,F1,0.9411764705882353,0.8571428571428571,0.9523809523809523,0.7058823529411765,0.9090909090909091
2,Accuracy,91.66666666666666,84.61538461538461,93.33333333333333,54.54545454545454,88.88888888888889
