,Metric,"RNN (seed 305475974, test 1)","RNN (seed 305475974, test 2)","RNN (seed 305475974, test 3)","RNN (seed 305475974, test 4)","RNN (seed 305475974, test 5)"
0,gmean,0.7844645405527362,0.7106690545187014,0.8086075400626399,0.6154574548966637,0.8185627923654025
1,F1,0.8311688311688312,0.7575757575757576,0.8607594936708861,0.7692307692307692,0.8860759493670887
2,Accuracy,79.36507936507937,71.9298245614035,82.53968253968253,68.96551724137932,85.24590163934425
