,Metric,"Bi-LSTM (seed 305475974, test 1)","Bi-LSTM (seed 305475974, test 2)","Bi-LSTM (seed 305475974, test 3)","Bi-LSTM (seed 305475974, test 4)","Bi-LSTM (seed 305475974, test 5)"
0,gmean,0.7895146188218007,0.813888792149391,0.813888792149391,0.7292586522065966,0.8335033840102045
1,F1,0.8712871287128714,0.8631578947368421,0.8631578947368421,0.8653846153846153,0.8865979381443299
2,Accuracy,82.43243243243244,82.1917808219178,82.1917808219178,80.55555555555556,84.93150684931507
