,Metric,Transformer (seed 305475974),Transformer (seed 369953070),Transformer (seed 879273778),Transformer (seed 965681145),Transformer (seed 992391276)
0,gmean,0.4407785320154718,0.888015443881146,0.8944271909999159,0.6233549779791837,0.6233549779791837
1,F1,0.9577464788732395,0.9857142857142858,0.9929078014184397,0.9645390070921985,0.9645390070921985
2,Accuracy,92.0,97.33333333333334,98.66666666666667,93.33333333333333,93.33333333333333
