,Metric,Bi-LSTM (seed 305475974),Bi-LSTM (seed 369953070),Bi-LSTM (seed 879273778),Bi-LSTM (seed 965681145),Bi-LSTM (seed 992391276)
0,gmean,0.7962390099973207,0.7889559468825531,0.8006997676452443,0.821146456678794,0.7733377378981624
1,F1,0.8557692307692308,0.8578199052132701,0.861244019138756,0.875598086124402,0.8421052631578947
2,Accuracy,81.53846153846153,81.53846153846153,82.15384615384616,84.0,79.6923076923077
