,Metric,"Transformer (seed 992391276, test 1)","Transformer (seed 992391276, test 2)","Transformer (seed 992391276, test 3)","Transformer (seed 992391276, test 4)","Transformer (seed 992391276, test 5)"
0,gmean,0.7817359599705715,0.7117435966472906,0.8609160647753271,0.8134892168199607,0.8126506029692377
1,F1,0.8684210526315789,0.823529411764706,0.8749999999999999,0.8955223880597014,0.8493150684931505
2,Accuracy,82.45614035087719,76.47058823529412,85.18518518518519,85.71428571428571,81.35593220338984
