,Metric,"LSTM (seed 879273778, test 1)","LSTM (seed 879273778, test 2)","LSTM (seed 879273778, test 3)","LSTM (seed 879273778, test 4)","LSTM (seed 879273778, test 5)"
0,gmean,0.8623728130494773,0.6657190234489458,0.7772815877574012,0.7933288280219176,0.8287754140107481
1,F1,0.8857142857142858,0.7605633802816901,0.8055555555555555,0.878048780487805,0.8767123287671232
2,Accuracy,86.20689655172413,70.17543859649122,77.41935483870968,83.60655737704919,84.48275862068965
