,Metric,Transformer (seed 305475974),Transformer (seed 369953070),Transformer (seed 879273778),Transformer (seed 965681145),Transformer (seed 992391276)
0,gmean,0.7913169301735237,0.7757383009136682,0.7930118958448732,0.8149128804641722,0.7982281262852872
1,F1,0.8085106382978724,0.8027681660899654,0.8057553956834532,0.8297872340425532,0.8247422680412371
2,Accuracy,79.06976744186046,77.90697674418605,79.06976744186046,81.3953488372093,80.23255813953489
