,Metric,"MLP (seed 992391276, test 1)","MLP (seed 992391276, test 2)","MLP (seed 992391276, test 3)","MLP (seed 992391276, test 4)","MLP (seed 992391276, test 5)"
0,gmean,0.6625891564490792,0.6304251719561152,0.7766431633476233,0.7116835718867666,0.7098422141520241
1,F1,0.8089887640449439,0.7560975609756098,0.810126582278481,0.8275862068965518,0.851063829787234
2,Accuracy,73.84615384615385,68.25396825396825,77.27272727272727,76.5625,79.1044776119403
