,Metric,"RNN (seed 992391276, test 1)","RNN (seed 992391276, test 2)","RNN (seed 992391276, test 3)","RNN (seed 992391276, test 4)","RNN (seed 992391276, test 5)"
0,gmean,0.7759402897989853,0.6212607441973955,0.8115026712006891,0.7302461389855656,0.642416074439621
1,F1,0.8395061728395061,0.7710843373493975,0.8674698795180722,0.8505747126436782,0.7529411764705882
2,Accuracy,79.6875,69.35483870967742,83.07692307692308,79.36507936507937,68.18181818181817
