,Metric,"MLP (seed 305475974, test 1)","MLP (seed 305475974, test 2)","MLP (seed 305475974, test 3)","MLP (seed 305475974, test 4)","MLP (seed 305475974, test 5)"
0,gmean,0.6980375146180131,0.769800358919501,0.6621221919717306,0.6996502622814412,0.7082882469748284
1,F1,0.7812500000000001,0.7999999999999999,0.7586206896551724,0.7407407407407408,0.6818181818181818
2,Accuracy,73.07692307692307,77.55102040816327,70.2127659574468,70.83333333333334,71.42857142857143
