,Metric,"Transformer (seed 879273778, test 1)","Transformer (seed 879273778, test 2)","Transformer (seed 879273778, test 3)","Transformer (seed 879273778, test 4)","Transformer (seed 879273778, test 5)"
0,gmean,0.7476671794188403,0.8897565210026093,0.792593923901217,0.7815475308310034,0.876095805063078
1,F1,0.7692307692307692,0.9156626506024096,0.8,0.8571428571428572,0.9090909090909091
2,Accuracy,74.13793103448276,89.39393939393939,77.77777777777779,81.25,88.70967741935483
