,Metric,"MLP (seed 369953070, test 1)","MLP (seed 369953070, test 2)","MLP (seed 369953070, test 3)","MLP (seed 369953070, test 4)","MLP (seed 369953070, test 5)"
0,gmean,0.791945516022682,0.7449992774794993,0.78516066682385,0.5997684738482194,0.8627635262664035
1,F1,0.8674698795180722,0.7945205479452055,0.8051948051948052,0.840909090909091,0.8918918918918918
2,Accuracy,82.25806451612904,75.0,75.0,75.86206896551724,86.4406779661017
