,Metric,Transformer (seed 305475974),Transformer (seed 369953070),Transformer (seed 879273778),Transformer (seed 965681145),Transformer (seed 992391276)
0,gmean,0.4381780460041329,0.8824209124146292,0.8884443332777431,0.6196773353931867,0.6153589738247641
1,F1,0.9536423841059603,0.9798657718120806,0.9866666666666668,0.96,0.9530201342281879
2,Accuracy,91.25,96.25,97.5,92.5,91.25
