,Metric,LSTM (seed 305475974),LSTM (seed 369953070),LSTM (seed 879273778),LSTM (seed 965681145),LSTM (seed 992391276)
0,gmean,0.0,0.0,0.0,0.0,0.0
1,F1,0.8888888888888888,0.8571428571428572,0.8888888888888888,0.9473684210526315,0.918918918918919
2,Accuracy,80.0,75.0,80.0,90.0,85.0
