,Metric,LSTM (seed 305475974),LSTM (seed 369953070),LSTM (seed 879273778),LSTM (seed 965681145),LSTM (seed 992391276)
0,gmean,0.8072418127564349,0.8223317506923354,0.8297738186782796,0.8371497310106165,0.8297738186782796
1,F1,0.9217391304347826,0.9401709401709402,0.9491525423728813,0.9579831932773109,0.9491525423728813
2,Accuracy,86.15384615384616,89.23076923076924,90.76923076923077,92.3076923076923,90.76923076923077
