,Metric,"Bi-LSTM (seed 965681145, fold 1)","Bi-LSTM (seed 965681145, fold 2)","Bi-LSTM (seed 965681145, fold 3)","Bi-LSTM (seed 965681145, fold 4)","Bi-LSTM (seed 965681145, fold 5)"
0,gmean,0.0,0.0,0.0,0.0,0.0
1,F1,0.9473684210526316,0.9473684210526316,0.9285714285714286,0.9285714285714286,0.9090909090909091
2,Accuracy,90.0,90.0,86.66666666666667,86.66666666666667,83.33333333333334
