,Metric,"Bi-LSTM (seed 369953070, test 1)","Bi-LSTM (seed 369953070, test 2)","Bi-LSTM (seed 369953070, test 3)","Bi-LSTM (seed 369953070, test 4)","Bi-LSTM (seed 369953070, test 5)"
0,gmean,0.7453559924999299,0.8297022339981068,0.8748177652797064,0.5979029375285875,0.8569127825562018
1,F1,0.851063829787234,0.8791208791208792,0.9183673469387755,0.7789473684210526,0.8837209302325582
2,Accuracy,79.71014492753623,84.28571428571429,89.04109589041096,69.11764705882352,85.29411764705883
