,Metric,"LSTM (seed 879273778, test 1)","LSTM (seed 879273778, test 2)","LSTM (seed 879273778, test 3)","LSTM (seed 879273778, test 4)","LSTM (seed 879273778, test 5)"
0,gmean,0.8351960533625908,0.6159924028072145,0.7629599223663422,0.7860647093418754,0.8431542509583231
1,F1,0.8400000000000001,0.6530612244897959,0.78125,0.8529411764705882,0.8679245283018867
2,Accuracy,83.33333333333334,62.22222222222222,75.86206896551724,81.48148148148148,85.1063829787234
