,Metric,"Transformer (seed 879273778, fold 1)","Transformer (seed 879273778, fold 2)","Transformer (seed 879273778, fold 3)","Transformer (seed 879273778, fold 4)","Transformer (seed 879273778, fold 5)"
0,gmean,0.7570563574518141,0.7570563574518141,0.43708669176652243,0.9619631668251951,0.6229443807375883
1,F1,0.9624060150375939,0.9624060150375939,0.9481481481481482,0.9612403100775194,0.962962962962963
2,Accuracy,93.05555555555556,93.05555555555556,90.27777777777779,93.05555555555556,93.05555555555556
