,Metric,"RNN (seed 305475974, test 1)","RNN (seed 305475974, test 2)","RNN (seed 305475974, test 3)","RNN (seed 305475974, test 4)","RNN (seed 305475974, test 5)"
0,gmean,0.752772652709081,0.7026595246088329,0.8392543274162824,0.6118264057738428,0.8075728530872482
1,F1,0.7796610169491527,0.736842105263158,0.870967741935484,0.7567567567567567,0.8695652173913043
2,Accuracy,75.47169811320755,70.58823529411765,84.90566037735849,67.85714285714286,83.63636363636363
