,Metric,"MLP (seed 879273778, test 1)","MLP (seed 879273778, test 2)","MLP (seed 879273778, test 3)","MLP (seed 879273778, test 4)","MLP (seed 879273778, test 5)"
0,gmean,0.6852482888641929,0.8154753215150045,0.7190318509781666,0.8529920198808891,0.7742672638813857
1,F1,0.8490566037735849,0.8659793814432989,0.8,0.8817204301075268,0.8952380952380952
2,Accuracy,78.08219178082192,82.43243243243244,73.97260273972603,84.72222222222221,84.93150684931507
