,Metric,Bi-LSTM (seed 305475974),Bi-LSTM (seed 369953070),Bi-LSTM (seed 879273778),Bi-LSTM (seed 965681145),Bi-LSTM (seed 992391276)
0,gmean,0.6661456297237114,0.6800735254367721,0.7958224257542215,0.7958224257542215,0.6800735254367721
1,F1,0.922077922077922,0.9426751592356688,0.9620253164556962,0.9620253164556962,0.9426751592356688
2,Accuracy,86.04651162790698,89.53488372093024,93.02325581395348,93.02325581395348,89.53488372093024
