,Metric,LSTM (seed 305475974),LSTM (seed 369953070),LSTM (seed 879273778),LSTM (seed 965681145),LSTM (seed 992391276)
0,gmean,0.8150611917469506,0.7943426596607045,0.77967661069401,0.8095352894442476,0.7853061178119726
1,F1,0.875,0.8723404255319149,0.8540540540540541,0.8726287262872628,0.8563685636856369
2,Accuracy,83.62989323843416,82.91814946619218,80.78291814946618,83.27402135231317,81.13879003558719
