,Metric,Transformer (seed 305475974),Transformer (seed 369953070),Transformer (seed 879273778),Transformer (seed 965681145),Transformer (seed 992391276)
0,gmean,0.8142288841857859,0.808672440070671,0.8381053054867001,0.8381053054867001,0.8004507510403162
1,F1,0.8662790697674418,0.867816091954023,0.8757396449704141,0.8757396449704141,0.8620689655172414
2,Accuracy,82.96296296296296,82.96296296296296,84.44444444444444,84.44444444444444,82.22222222222221
