,Metric,"Transformer (seed 965681145, test 1)","Transformer (seed 965681145, test 2)","Transformer (seed 965681145, test 3)","Transformer (seed 965681145, test 4)","Transformer (seed 965681145, test 5)"
0,gmean,0.9234247009337435,0.8159164767117386,0.8226963402694113,0.8636363636363636,0.7372954978587559
1,F1,0.9411764705882352,0.8604651162790699,0.8809523809523809,0.8941176470588236,0.7951807228915662
2,Accuracy,92.53731343283582,82.35294117647058,84.61538461538461,86.36363636363636,74.6268656716418
