,Metric,Bi-LSTM (seed 305475974),Bi-LSTM (seed 369953070),Bi-LSTM (seed 879273778),Bi-LSTM (seed 965681145),Bi-LSTM (seed 992391276)
0,gmean,0.7999440338594466,0.7924128547640219,0.8042798056375132,0.8245997953635396,0.7770801334086513
1,F1,0.8618266978922717,0.8637413394919169,0.8671328671328672,0.8811188811188811,0.8484848484848485
2,Accuracy,82.12121212121211,82.12121212121211,82.72727272727273,84.54545454545455,80.3030303030303
