,Metric,"MLP (seed 369953070, test 1)","MLP (seed 369953070, test 2)","MLP (seed 369953070, test 3)","MLP (seed 369953070, test 4)","MLP (seed 369953070, test 5)"
0,gmean,0.7844645405527362,0.7445453821540743,0.7955995999271589,0.6104676956673597,0.8681147322824312
1,F1,0.8311688311688312,0.7906976744186046,0.8095238095238095,0.8333333333333334,0.896551724137931
2,Accuracy,79.36507936507937,74.28571428571429,77.46478873239437,75.38461538461539,86.76470588235294
