,Metric,LSTM (seed 305475974),LSTM (seed 369953070),LSTM (seed 879273778),LSTM (seed 965681145),LSTM (seed 992391276)
0,gmean,0.8148429516724177,0.7945096611677869,0.7764795416083041,0.8093185289805005,0.7847060257179306
1,F1,0.8717948717948718,0.8690807799442897,0.8465909090909092,0.8693181818181818,0.8522727272727273
2,Accuracy,83.45588235294117,82.72058823529412,80.14705882352942,83.08823529411765,80.88235294117648
