,Metric,"MLP (seed 369953070, test 1)","MLP (seed 369953070, test 2)","MLP (seed 369953070, test 3)","MLP (seed 369953070, test 4)","MLP (seed 369953070, test 5)"
0,gmean,0.751981509397798,0.7135060680126757,0.7351470441147052,0.6110100926607787,0.8478761756392202
1,F1,0.7755102040816326,0.7368421052631577,0.7368421052631579,0.7999999999999999,0.8666666666666666
2,Accuracy,75.55555555555556,71.15384615384616,70.0,72.09302325581395,84.61538461538461
