,Metric,"MLP (seed 965681145, test 1)","MLP (seed 965681145, test 2)","MLP (seed 965681145, test 3)","MLP (seed 965681145, test 4)","MLP (seed 965681145, test 5)"
0,gmean,0.8190441583537076,0.7009130258223496,0.6287281966789348,0.7207499701564473,0.7084758178626311
1,F1,0.8115942028985508,0.8387096774193548,0.8222222222222223,0.7692307692307692,0.8222222222222222
2,Accuracy,79.6875,77.61194029850746,74.60317460317461,71.875,76.11940298507463
