,Metric,"MLP (seed 369953070, test 1)","MLP (seed 369953070, test 2)","MLP (seed 369953070, test 3)","MLP (seed 369953070, test 4)","MLP (seed 369953070, test 5)"
0,gmean,0.7958224257542215,0.7525466966323385,0.8046738469715541,0.611793359976969,0.8695652173913043
1,F1,0.853932584269663,0.8043478260869564,0.8222222222222222,0.8461538461538461,0.898876404494382
2,Accuracy,81.15942028985508,75.34246575342466,78.37837837837837,76.81159420289855,86.95652173913044
