,Metric,Bi-LSTM (seed 305475974),Bi-LSTM (seed 369953070),Bi-LSTM (seed 879273778),Bi-LSTM (seed 965681145),Bi-LSTM (seed 992391276)
0,gmean,0.7396342498352897,0.7514691493021793,0.8722295074838331,0.8767140075192094,0.7514691493021793
1,F1,0.9441624365482234,0.96,0.9700000000000001,0.9751243781094527,0.96
2,Accuracy,89.7196261682243,92.5233644859813,94.39252336448598,95.32710280373831,92.5233644859813
