,Metric,Transformer (seed 305475974),Transformer (seed 369953070),Transformer (seed 879273778),Transformer (seed 965681145),Transformer (seed 992391276)
0,gmean,0.8131125597224583,0.8076736186818884,0.8368981435015285,0.8368981435015285,0.8021225314678971
1,F1,0.8639053254437871,0.8654970760233918,0.8734939759036146,0.8734939759036146,0.8629737609329445
2,Accuracy,82.77153558052434,82.77153558052434,84.26966292134831,84.26966292134831,82.39700374531836
