,Metric,"RNN (seed 992391276, test 1)","RNN (seed 992391276, test 2)","RNN (seed 992391276, test 3)","RNN (seed 992391276, test 4)","RNN (seed 992391276, test 5)"
0,gmean,0.768295371441074,0.6123724356957945,0.8070413802734555,0.7337464401166376,0.6203776439013833
1,F1,0.8219178082191781,0.7397260273972603,0.8571428571428572,0.8631578947368421,0.7105263157894737
2,Accuracy,78.33333333333333,66.66666666666666,82.25806451612904,80.59701492537313,64.51612903225806
