,Metric,"MLP (seed 369953070, test 1)","MLP (seed 369953070, test 2)","MLP (seed 369953070, test 3)","MLP (seed 369953070, test 4)","MLP (seed 369953070, test 5)"
0,gmean,0.6832417009872592,0.6659416347320275,0.7315957789709396,0.611793359976969,0.8314109932105398
1,F1,0.6486486486486486,0.6666666666666665,0.7083333333333333,0.7457627118644068,0.8474576271186439
2,Accuracy,69.04761904761905,66.0377358490566,73.07692307692307,67.3913043478261,82.6923076923077
