,Metric,"Transformer (seed 305475974, test 1, fold 1)","Transformer (seed 305475974, test 1, fold 2)","Transformer (seed 305475974, test 1, fold 3)","Transformer (seed 305475974, test 1, fold 4)","Transformer (seed 305475974, test 1, fold 5)","Transformer (seed 305475974, test 2, fold 1)","Transformer (seed 305475974, test 2, fold 2)","Transformer (seed 305475974, test 2, fold 3)","Transformer (seed 305475974, test 2, fold 4)","Transformer (seed 305475974, test 2, fold 5)","Transformer (seed 305475974, test 3, fold 1)","Transformer (seed 305475974, test 3, fold 2)","Transformer (seed 305475974, test 3, fold 3)","Transformer (seed 305475974, test 3, fold 4)","Transformer (seed 305475974, test 3, fold 5)","Transformer (seed 305475974, test 4, fold 1)","Transformer (seed 305475974, test 4, fold 2)","Transformer (seed 305475974, test 4, fold 3)","Transformer (seed 305475974, test 4, fold 4)","Transformer (seed 305475974, test 4, fold 5)","Transformer (seed 305475974, test 5, fold 1)","Transformer (seed 305475974, test 5, fold 2)","Transformer (seed 305475974, test 5, fold 3)","Transformer (seed 305475974, test 5, fold 4)","Transformer (seed 305475974, test 5, fold 5)"
0,gmean,0.816496580927726,0.816496580927726,0.8819171036881969,0.8819171036881969,0.816496580927726,0.9258200997725514,0.8451542547285166,0.8451542547285166,0.8451542547285166,1.0,0.8944271909999159,0.8944271909999159,0.9486832980505138,0.9486832980505138,0.9486832980505138,0.5270462766947299,0.5270462766947299,0.0,0.4714045207910317,0.5270462766947299,0.816496580927726,0.816496580927726,0.7071067811865476,0.9128709291752769,0.816496580927726
1,F1,0.8,0.8,0.8750000000000001,0.8750000000000001,0.8,0.923076923076923,0.8571428571428571,0.8571428571428571,0.8571428571428571,1.0,0.9523809523809523,0.9523809523809523,0.9473684210526316,0.9473684210526316,0.9473684210526316,0.6666666666666667,0.6666666666666667,0.7058823529411765,0.5714285714285714,0.6666666666666667,0.8,0.8,0.6666666666666666,0.9090909090909091,0.8
2,Accuracy,75.0,75.0,83.33333333333334,83.33333333333334,75.0,92.3076923076923,84.61538461538461,84.61538461538461,84.61538461538461,100.0,93.33333333333333,93.33333333333333,93.33333333333333,93.33333333333333,93.33333333333333,54.54545454545454,54.54545454545454,54.54545454545454,45.45454545454545,54.54545454545454,77.77777777777779,77.77777777777779,66.66666666666666,88.88888888888889,77.77777777777779
