,Metric,"Bi-LSTM (seed 965681145, test 1)","Bi-LSTM (seed 965681145, test 2)","Bi-LSTM (seed 965681145, test 3)","Bi-LSTM (seed 965681145, test 4)","Bi-LSTM (seed 965681145, test 5)"
0,gmean,0.7872684844871327,0.8217329846362598,0.7994488459559345,0.8637067238437097,0.8024583440524461
1,F1,0.8358208955223881,0.8529411764705882,0.8529411764705883,0.8985507246376812,0.8450704225352113
2,Accuracy,80.35714285714286,82.75862068965517,81.81818181818183,87.5,81.03448275862068
