,Metric,"Transformer (seed 992391276, test 1)","Transformer (seed 992391276, test 2)","Transformer (seed 992391276, test 3)","Transformer (seed 992391276, test 4)","Transformer (seed 992391276, test 5)"
0,gmean,0.7899417298180521,0.6839612783652524,0.8832563863180561,0.8492420863405918,0.816496580927726
1,F1,0.8604651162790699,0.8172043010752688,0.898876404494382,0.9130434782608695,0.8470588235294118
2,Accuracy,81.81818181818183,75.0,87.32394366197182,88.05970149253731,81.15942028985508
