,Metric,"Transformer (seed 879273778, test 1)","Transformer (seed 879273778, test 2)","Transformer (seed 879273778, test 3)","Transformer (seed 879273778, test 4)","Transformer (seed 879273778, test 5)"
0,gmean,0.7593806943171533,0.8908449085911592,0.792593923901217,0.7840678454373295,0.8770580193070292
1,F1,0.7887323943661972,0.9176470588235294,0.8,0.8636363636363636,0.9113924050632911
2,Accuracy,75.40983606557377,89.55223880597015,77.77777777777779,81.81818181818183,88.88888888888889
