,Metric,Transformer (seed 305475974),Transformer (seed 369953070),Transformer (seed 879273778),Transformer (seed 965681145),Transformer (seed 992391276)
0,gmean,0.8050380473362412,0.8027861882473699,0.8268587501472994,0.82940508043972,0.807185049604442
1,F1,0.8544152744630071,0.8584905660377359,0.8647342995169083,0.8708133971291867,0.863849765258216
2,Accuracy,81.57099697885197,81.87311178247734,83.08157099697885,83.68580060422961,82.4773413897281
