,Metric,"Transformer (seed 879273778, test 1)","Transformer (seed 879273778, test 2)","Transformer (seed 879273778, test 3)","Transformer (seed 879273778, test 4)","Transformer (seed 879273778, test 5)"
0,gmean,0.7459568438611082,0.9,0.8420753583206845,0.8070071277266891,0.8603116030960926
1,F1,0.7931034482758621,0.9230769230769231,0.8524590163934426,0.8732394366197184,0.9014084507042254
2,Accuracy,74.46808510638297,90.0,83.01886792452831,83.63636363636363,87.5
