,Metric,"RNN (seed 992391276, test 1)","RNN (seed 992391276, test 2)","RNN (seed 992391276, test 3)","RNN (seed 992391276, test 4)","RNN (seed 992391276, test 5)"
0,gmean,0.768295371441074,0.6291528696058958,0.806225774829855,0.7311853627036271,0.6349021776571556
1,F1,0.8333333333333334,0.8,0.8666666666666667,0.853932584269663,0.7441860465116278
2,Accuracy,78.78787878787878,72.05882352941177,82.6086956521739,79.6875,67.16417910447761
