,Metric,"Bi-LSTM (seed 305475974, fold 1)","Bi-LSTM (seed 305475974, fold 2)","Bi-LSTM (seed 305475974, fold 3)","Bi-LSTM (seed 305475974, fold 4)","Bi-LSTM (seed 305475974, fold 5)"
0,gmean,0.0,0.0,0.0,1.0,0.0
1,F1,0.9090909090909091,0.9090909090909091,0.9090909090909091,1.0,0.9090909090909091
2,Accuracy,83.33333333333334,83.33333333333334,83.33333333333334,100.0,83.33333333333334
