,Metric,"LSTM (seed 992391276, test 1)","LSTM (seed 992391276, test 2)","LSTM (seed 992391276, test 3)","LSTM (seed 992391276, test 4)","LSTM (seed 992391276, test 5)"
0,gmean,0.768295371441074,0.674199862463242,0.903107323012848,0.8870561914944773,0.7601169500660919
1,F1,0.8333333333333334,0.8333333333333333,0.9090909090909092,0.9213483146067416,0.8478260869565217
2,Accuracy,78.78787878787878,76.47058823529412,88.73239436619718,89.55223880597015,79.71014492753623
