,Metric,Transformer (seed 305475974),Transformer (seed 369953070),Transformer (seed 879273778),Transformer (seed 965681145),Transformer (seed 992391276)
0,gmean,0.4381780460041329,0.8854377448471462,0.8944271909999159,0.6196773353931867,0.6131883886702356
1,F1,0.9411764705882353,0.98,0.99009900990099,0.9504950495049505,0.94
2,Accuracy,89.0909090909091,96.36363636363636,98.18181818181819,90.9090909090909,89.0909090909091
