,Metric,LSTM (seed 305475974),LSTM (seed 369953070),LSTM (seed 879273778),LSTM (seed 965681145),LSTM (seed 992391276)
0,gmean,0.8204597893958685,0.7977813244584614,0.795662978172805,0.819890618471039,0.8022250728500926
1,F1,0.8784648187633263,0.8773388773388773,0.8668076109936574,0.8813559322033898,0.8710359408033828
2,Accuracy,83.89830508474576,83.33333333333334,82.20338983050848,84.18079096045197,82.7683615819209
