,Metric,"MLP (seed 965681145, test 1)","MLP (seed 965681145, test 2)","MLP (seed 965681145, test 3)","MLP (seed 965681145, test 4)","MLP (seed 965681145, test 5)"
0,gmean,0.8046878416644074,0.699157448799183,0.6367145399670133,0.7135060680126757,0.704154339142587
1,F1,0.7936507936507937,0.8314606741573034,0.8275862068965518,0.7567567567567567,0.8095238095238095
2,Accuracy,78.68852459016394,76.92307692307693,75.40983606557377,70.96774193548387,75.0
