,Metric,Transformer (seed 305475974),Transformer (seed 369953070),Transformer (seed 879273778),Transformer (seed 965681145),Transformer (seed 992391276)
0,gmean,0.8043905973805239,0.802409558534758,0.8261937509426794,0.8290159623885405,0.8069817297777702
1,F1,0.8514851485148514,0.8557457212713937,0.862155388471178,0.86848635235732,0.8613138686131387
2,Accuracy,81.42414860681114,81.73374613003097,82.97213622291022,83.59133126934985,82.35294117647058
