,Metric,"Transformer (seed 305475974, test 1)","Transformer (seed 305475974, test 2)","Transformer (seed 305475974, test 3)","Transformer (seed 305475974, test 4)","Transformer (seed 305475974, test 5)"
0,gmean,0.8157566654328162,0.7422696190252055,0.879173964527716,0.7889706886030352,0.7883074092183654
1,F1,0.8405797101449276,0.7812499999999999,0.9014084507042254,0.8285714285714286,0.8285714285714286
2,Accuracy,81.35593220338984,74.54545454545455,88.13559322033898,79.3103448275862,79.66101694915254
