,Metric,"MLP (seed 965681145, test 1)","MLP (seed 965681145, test 2)","MLP (seed 965681145, test 3)","MLP (seed 965681145, test 4)","MLP (seed 965681145, test 5)"
0,gmean,0.8447795465501656,0.7039654649814328,0.6306562238868912,0.7302967433402214,0.7122123116119197
1,F1,0.8433734939759036,0.8514851485148516,0.84,0.7857142857142856,0.8333333333333333
2,Accuracy,81.69014084507043,78.87323943661971,76.47058823529412,73.13432835820896,77.14285714285715
