,Metric,"Bi-LSTM (seed 305475974, test 1)","Bi-LSTM (seed 305475974, test 2)","Bi-LSTM (seed 305475974, test 3)","Bi-LSTM (seed 305475974, test 4)","Bi-LSTM (seed 305475974, test 5)"
0,gmean,0.7884152709427833,0.8105028646568877,0.813888792149391,0.7132290320604686,0.8322910148099241
1,F1,0.8686868686868686,0.8571428571428571,0.8631578947368421,0.8571428571428572,0.8842105263157894
2,Accuracy,82.1917808219178,81.69014084507043,82.1917808219178,79.45205479452055,84.72222222222221
