,Metric,"LSTM (seed 879273778, test 1)","LSTM (seed 879273778, test 2)","LSTM (seed 879273778, test 3)","LSTM (seed 879273778, test 4)","LSTM (seed 879273778, test 5)"
0,gmean,0.825071659459494,0.6582805886043833,0.8053872662568292,0.7723284457212329,0.826898230594723
1,F1,0.8732394366197184,0.8297872340425533,0.8450704225352113,0.860759493670886,0.8860759493670887
2,Accuracy,83.01886792452831,75.38461538461539,80.7017543859649,81.35593220338984,85.0
