,Metric,"MLP (seed 369953070, test 1)","MLP (seed 369953070, test 2)","MLP (seed 369953070, test 3)","MLP (seed 369953070, test 4)","MLP (seed 369953070, test 5)"
0,gmean,0.8017837257372731,0.754983443527075,0.8046738469715541,0.6064866750032698,0.8551564283841891
1,F1,0.8659793814432989,0.8085106382978724,0.8222222222222222,0.8468468468468469,0.8958333333333333
2,Accuracy,82.1917808219178,75.67567567567568,78.37837837837837,76.71232876712328,86.3013698630137
