,Metric,"MLP (seed 369953070, test 1)","MLP (seed 369953070, test 2)","MLP (seed 369953070, test 3)","MLP (seed 369953070, test 4)","MLP (seed 369953070, test 5)"
0,gmean,0.7715167498104596,0.7312724241271307,0.7730206825239259,0.6134688957245553,0.8528028654224418
1,F1,0.819672131147541,0.7692307692307693,0.7887323943661972,0.8333333333333334,0.875
2,Accuracy,78.43137254901961,73.21428571428571,73.68421052631578,75.51020408163265,85.18518518518519
