,Metric,"MLP (seed 879273778, test 1)","MLP (seed 879273778, test 2)","MLP (seed 879273778, test 3)","MLP (seed 879273778, test 4)","MLP (seed 879273778, test 5)"
0,gmean,0.6803013430498075,0.7897704563589181,0.6974858324629156,0.8285409986718741,0.7739059899518949
1,F1,0.7887323943661972,0.8125,0.75,0.8493150684931507,0.8648648648648648
2,Accuracy,72.72727272727273,78.94736842105263,70.49180327868852,81.9672131147541,82.14285714285714
