,Metric,"LSTM (seed 305475974, fold 1)","LSTM (seed 305475974, fold 2)","LSTM (seed 305475974, fold 3)","LSTM (seed 305475974, fold 4)","LSTM (seed 305475974, fold 5)"
0,gmean,0.0,0.0,0.0,0.0,0.0
1,F1,0.9066666666666667,0.8918918918918919,0.8767123287671234,0.9210526315789473,0.9210526315789473
2,Accuracy,82.92682926829268,80.48780487804879,78.04878048780488,85.36585365853658,85.36585365853658
