,Metric,"LSTM (seed 992391276, test 1)","LSTM (seed 992391276, test 2)","LSTM (seed 992391276, test 3)","LSTM (seed 992391276, test 4)","LSTM (seed 992391276, test 5)"
0,gmean,0.7470873676376284,0.6605210735795333,0.8852965604812887,0.8696565534786727,0.7359800721939873
1,F1,0.8372093023255814,0.8433734939759038,0.8918918918918919,0.8955223880597014,0.8433734939759036
2,Accuracy,78.125,77.19298245614034,86.66666666666667,86.53846153846155,78.68852459016394
