,Metric,"MLP (seed 965681145, test 1)","MLP (seed 965681145, test 2)","MLP (seed 965681145, test 3)","MLP (seed 965681145, test 4)","MLP (seed 965681145, test 5)"
0,gmean,0.7204840194079409,0.6813851438692469,0.6276459144608478,0.6564879518897746,0.6900655593423543
1,F1,0.6842105263157894,0.7619047619047619,0.7878787878787878,0.6530612244897959,0.7407407407407408
2,Accuracy,75.0,71.15384615384616,71.42857142857143,65.3061224489796,70.2127659574468
