,Metric,LSTM (seed 305475974),LSTM (seed 369953070),LSTM (seed 879273778),LSTM (seed 965681145),LSTM (seed 992391276)
0,gmean,0.8140273744971074,0.7928709320367374,0.7791603143781607,0.8108553902967807,0.7847860936764797
1,F1,0.8775510204081631,0.8749999999999999,0.8578680203045684,0.8781725888324874,0.8600508905852418
2,Accuracy,83.6734693877551,82.99319727891157,80.95238095238095,83.6734693877551,81.29251700680273
