,Metric,LSTM (seed 305475974),LSTM (seed 369953070),LSTM (seed 879273778),LSTM (seed 965681145),LSTM (seed 992391276)
0,gmean,0.0,0.0,0.0,0.0,0.0
1,F1,0.9272727272727272,0.9369369369369369,0.9557522123893805,0.9649122807017544,0.9557522123893805
2,Accuracy,86.4406779661017,88.13559322033898,91.52542372881356,93.22033898305084,91.52542372881356
