,Metric,"LSTM (seed 305475974, test 1)","LSTM (seed 305475974, test 2)","LSTM (seed 305475974, test 3)","LSTM (seed 305475974, test 4)","LSTM (seed 305475974, test 5)"
0,gmean,0.8364283610093426,0.8005454489740204,0.8352690695845568,0.7706746355884525,0.8364283610093426
1,F1,0.8837209302325582,0.8395061728395062,0.8674698795180723,0.8842105263157894,0.8837209302325582
2,Accuracy,85.07462686567165,80.3030303030303,83.5820895522388,83.5820895522388,85.07462686567165
