,Metric,"MLP (seed 965681145, test 1)","MLP (seed 965681145, test 2)","MLP (seed 965681145, test 3)","MLP (seed 965681145, test 4)","MLP (seed 965681145, test 5)"
0,gmean,0.7993052538854533,0.6938886664887108,0.6306562238868912,0.6963106238227914,0.7320417798624029
1,F1,0.7868852459016393,0.8101265822784809,0.8333333333333333,0.7272727272727272,0.8205128205128205
2,Accuracy,78.33333333333333,75.0,75.86206896551724,68.96551724137932,76.66666666666667
