,Metric,"RNN (seed 369953070, test 1)","RNN (seed 369953070, test 2)","RNN (seed 369953070, test 3)","RNN (seed 369953070, test 4)","RNN (seed 369953070, test 5)"
0,gmean,0.7888855592111665,0.7231591689755924,0.6904105059069326,0.5383819020581655,0.7884457010452668
1,F1,0.8478260869565217,0.8282828282828283,0.8380952380952381,0.7766990291262137,0.875
2,Accuracy,80.28169014084507,76.71232876712328,77.02702702702703,67.6056338028169,82.85714285714286
