,Metric,"LSTM (seed 992391276, test 1)","LSTM (seed 992391276, test 2)","LSTM (seed 992391276, test 3)","LSTM (seed 992391276, test 4)","LSTM (seed 992391276, test 5)"
0,gmean,0.768295371441074,0.67700320038633,0.904752114608686,0.8761716542303613,0.7601169500660919
1,F1,0.8421052631578947,0.8461538461538461,0.9111111111111111,0.9090909090909092,0.8478260869565217
2,Accuracy,79.16666666666666,77.77777777777779,88.88888888888889,88.05970149253731,79.71014492753623
