,Metric,"LSTM (seed 305475974, test 1)","LSTM (seed 305475974, test 2)","LSTM (seed 305475974, test 3)","LSTM (seed 305475974, test 4)","LSTM (seed 305475974, test 5)"
0,gmean,0.8335033840102045,0.8086937042208112,0.8315583934409704,0.772918234616442,0.838870492807861
1,F1,0.8865979381443299,0.853932584269663,0.8666666666666666,0.8932038834951458,0.8888888888888888
2,Accuracy,84.93150684931507,81.42857142857143,83.09859154929578,84.50704225352112,85.5072463768116
