,Metric,"Transformer (seed 879273778, test 1)","Transformer (seed 879273778, test 2)","Transformer (seed 879273778, test 3)","Transformer (seed 879273778, test 4)","Transformer (seed 879273778, test 5)"
0,gmean,0.7661308776828738,0.8918825850158447,0.7964766161036996,0.7852393205347233,0.8788388496062494
1,F1,0.7999999999999999,0.9195402298850575,0.8055555555555555,0.8666666666666666,0.9156626506024096
2,Accuracy,76.19047619047619,89.70588235294117,78.125,82.08955223880598,89.23076923076924
