,Metric,"Bi-LSTM (seed 992391276, test 1)","Bi-LSTM (seed 992391276, test 2)","Bi-LSTM (seed 992391276, test 3)","Bi-LSTM (seed 992391276, test 4)","Bi-LSTM (seed 992391276, test 5)"
0,gmean,0.7352146220938077,0.6321954228176434,0.8609160647753271,0.8179961167749047,0.7723284457212329
1,F1,0.8108108108108109,0.7826086956521738,0.8749999999999999,0.875,0.860759493670886
2,Accuracy,75.86206896551724,70.58823529411765,85.18518518518519,83.6734693877551,81.35593220338984
