,Metric,"Bi-LSTM (seed 305475974, fold 1)","Bi-LSTM (seed 305475974, fold 2)","Bi-LSTM (seed 305475974, fold 3)","Bi-LSTM (seed 305475974, fold 4)","Bi-LSTM (seed 305475974, fold 5)","Bi-LSTM (seed 369953070, fold 1)","Bi-LSTM (seed 369953070, fold 2)","Bi-LSTM (seed 369953070, fold 3)","Bi-LSTM (seed 369953070, fold 4)","Bi-LSTM (seed 369953070, fold 5)","Bi-LSTM (seed 879273778, fold 1)","Bi-LSTM (seed 879273778, fold 2)","Bi-LSTM (seed 879273778, fold 3)","Bi-LSTM (seed 879273778, fold 4)","Bi-LSTM (seed 879273778, fold 5)","Bi-LSTM (seed 965681145, fold 1)","Bi-LSTM (seed 965681145, fold 2)","Bi-LSTM (seed 965681145, fold 3)","Bi-LSTM (seed 965681145, fold 4)","Bi-LSTM (seed 965681145, fold 5)","Bi-LSTM (seed 992391276, fold 1)","Bi-LSTM (seed 992391276, fold 2)","Bi-LSTM (seed 992391276, fold 3)","Bi-LSTM (seed 992391276, fold 4)","Bi-LSTM (seed 992391276, fold 5)"
0,gmean,0.7732243432845972,0.7642850331050614,0.7253516001039962,0.7356498882059949,0.7575113246109169,0.7227631047740727,0.7632284723186984,0.7597759375096442,0.7738300812100738,0.7369226398292279,0.7652040748290247,0.7308573297742851,0.7143585968647812,0.7326004756297673,0.7509885197311695,0.7814621223896242,0.7757786860713556,0.7224028579766473,0.7677851006952701,0.7433587676167901,0.6723862656953294,0.7494271031419812,0.7448280649344758,0.760700426925868,0.7400949430859133
1,F1,0.8656716417910448,0.8542713567839196,0.8253164556962025,0.8333333333333333,0.8455696202531645,0.8459657701711492,0.8477157360406092,0.8484848484848485,0.8415584415584416,0.8465346534653465,0.8402061855670103,0.8444444444444446,0.8345679012345679,0.8407960199004973,0.8219895287958114,0.8607594936708861,0.8585858585858585,0.8585131894484412,0.8535353535353536,0.8550368550368549,0.8166259168704157,0.8571428571428572,0.7999999999999999,0.855,0.8391959798994975
2,Accuracy,81.63265306122449,80.27210884353741,76.53061224489795,77.55102040816327,79.25170068027211,78.57142857142857,79.59183673469387,79.59183673469387,79.25170068027211,78.91156462585033,78.91156462585033,78.57142857142857,77.21088435374149,78.2312925170068,76.87074829931973,81.29251700680273,80.95238095238095,79.93197278911565,80.27210884353741,79.93197278911565,74.48979591836735,80.27210884353741,74.82993197278913,80.27210884353741,78.2312925170068
