,Metric,"MLP (seed 879273778, test 1)","MLP (seed 879273778, test 2)","MLP (seed 879273778, test 3)","MLP (seed 879273778, test 4)","MLP (seed 879273778, test 5)"
0,gmean,0.6768400159646507,0.8176298175326769,0.7014723744122017,0.8455624432356418,0.771046169254443
1,F1,0.8181818181818182,0.8636363636363636,0.7654320987654322,0.8705882352941177,0.8764044943820225
2,Accuracy,75.0,82.6086956521739,71.21212121212122,83.82352941176471,83.07692307692308
