,Metric,"MLP (seed 965681145, fold 1)","MLP (seed 965681145, fold 2)","MLP (seed 965681145, fold 3)","MLP (seed 965681145, fold 4)","MLP (seed 965681145, fold 5)"
0,gmean,0.0,0.0,0.0,0.0,0.0
1,F1,0.9333333333333333,0.9333333333333333,0.9333333333333333,0.9333333333333333,0.9333333333333333
2,Accuracy,87.5,87.5,87.5,87.5,87.5
