,Metric,LSTM (seed 305475974),LSTM (seed 369953070),LSTM (seed 879273778),LSTM (seed 965681145),LSTM (seed 992391276)
0,gmean,0.8095808836338375,0.7861314692646544,0.7751360820291697,0.8085968894888224,0.7829602926862713
1,F1,0.8768472906403941,0.8716707021791767,0.8578431372549018,0.880195599022005,0.8627450980392156
2,Accuracy,83.44370860927152,82.45033112582782,80.79470198675497,83.77483443708608,81.45695364238411
