,Metric,"LSTM (seed 965681145, test 1)","LSTM (seed 965681145, test 2)","LSTM (seed 965681145, test 3)","LSTM (seed 965681145, test 4)","LSTM (seed 965681145, test 5)"
0,gmean,0.7728015412913086,0.8003905296791061,0.8335033840102045,0.880630571852711,0.8003905296791061
1,F1,0.8686868686868686,0.8631578947368421,0.8865979381443299,0.9292929292929293,0.8631578947368421
2,Accuracy,81.94444444444444,81.94444444444444,84.93150684931507,90.27777777777779,81.94444444444444
