,Metric,"RNN (seed 992391276, test 1)","RNN (seed 992391276, test 2)","RNN (seed 992391276, test 3)","RNN (seed 992391276, test 4)","RNN (seed 992391276, test 5)"
0,gmean,0.7759402897989853,0.6212607441973955,0.8141195843820603,0.7329325225725954,0.6373774391990981
1,F1,0.8395061728395061,0.7710843373493975,0.8735632183908046,0.8602150537634408,0.75
2,Accuracy,79.6875,69.35483870967742,83.5820895522388,80.3030303030303,67.64705882352942
