,Metric,"RNN (seed 992391276, test 1)","RNN (seed 992391276, test 2)","RNN (seed 992391276, test 3)","RNN (seed 992391276, test 4)","RNN (seed 992391276, test 5)"
0,gmean,0.7723284457212329,0.6180165405913052,0.8141195843820603,0.7329325225725954,0.6295565609336735
1,F1,0.8311688311688312,0.759493670886076,0.8735632183908046,0.8602150537634408,0.7317073170731707
2,Accuracy,79.03225806451613,68.33333333333333,83.5820895522388,80.3030303030303,66.15384615384615
