,Metric,LSTM (seed 305475974),LSTM (seed 369953070),LSTM (seed 879273778),LSTM (seed 965681145),LSTM (seed 992391276)
0,gmean,0.8145196471018502,0.7942446626631668,0.7761029132664389,0.8089974163306,0.7843430719400872
1,F1,0.8710601719197708,0.8683473389355741,0.8457142857142856,0.8685714285714285,0.8514285714285714
2,Accuracy,83.39483394833948,82.65682656826569,80.07380073800738,83.02583025830258,80.81180811808119
