,Metric,"Bi-LSTM (seed 369953070, test 1)","Bi-LSTM (seed 369953070, test 2)","Bi-LSTM (seed 369953070, test 3)","Bi-LSTM (seed 369953070, test 4)","Bi-LSTM (seed 369953070, test 5)"
0,gmean,0.7091089752304387,0.8501917942185291,0.8520300488926865,0.6056796398154362,0.8639609779547751
1,F1,0.7450980392156864,0.8860759493670887,0.8787878787878788,0.75,0.88
2,Accuracy,71.73913043478261,85.71428571428571,85.71428571428571,67.27272727272727,85.24590163934425
