,Metric,Random Forest (seed 305475974),Random Forest (seed 369953070),Random Forest (seed 879273778),Random Forest (seed 965681145),Random Forest (seed 992391276)
0,gmean,0.798816941190926,0.784593543733145,0.7866130928750912,0.7701074939265569,0.7709612440597241
1,F1,0.8699551569506726,0.8641425389755012,0.8666666666666666,0.8584070796460177,0.8552338530066814
2,Accuracy,82.7893175074184,81.89910979228486,82.19584569732937,81.00890207715133,80.71216617210682
