,Metric,"RNN (seed 369953070, test 1)","RNN (seed 369953070, test 2)","RNN (seed 369953070, test 3)","RNN (seed 369953070, test 4)","RNN (seed 369953070, test 5)"
0,gmean,0.7559289460184545,0.697589432290069,0.6929523265198467,0.5388159060803247,0.7922787563134757
1,F1,0.8000000000000002,0.7887323943661971,0.8433734939759037,0.7714285714285716,0.8529411764705883
2,Accuracy,76.47058823529412,73.21428571428571,77.19298245614034,67.3469387755102,81.48148148148148
