,Metric,"Transformer (seed 965681145, test 1)","Transformer (seed 965681145, test 2)","Transformer (seed 965681145, test 3)","Transformer (seed 965681145, test 4)","Transformer (seed 965681145, test 5)"
0,gmean,0.9031195934094222,0.7986279720912847,0.8271701918685112,0.862985947014634,0.7806247497997998
1,F1,0.9206349206349206,0.8253968253968254,0.8813559322033899,0.8857142857142858,0.8253968253968254
2,Accuracy,90.38461538461539,79.62962962962963,85.1063829787234,85.45454545454545,78.84615384615384
