,Metric,Transformer (seed 305475974),Transformer (seed 369953070),Transformer (seed 879273778),Transformer (seed 965681145),Transformer (seed 992391276)
0,gmean,0.43799170619302547,0.8806305718527109,0.8806305718527109,0.6194138111051085,0.6161102472242236
1,F1,0.9591836734693877,0.9793814432989691,0.9793814432989691,0.964102564102564,0.9587628865979382
2,Accuracy,92.23300970873787,96.11650485436894,96.11650485436894,93.20388349514563,92.23300970873787
