,Metric,"Transformer (seed 992391276, test 1)","Transformer (seed 992391276, test 2)","Transformer (seed 992391276, test 3)","Transformer (seed 992391276, test 4)","Transformer (seed 992391276, test 5)"
0,gmean,0.8660254037844386,0.5345224838248488,1.0,0.9486832980505138,0.7745966692414834
1,F1,0.8571428571428571,0.6666666666666666,1.0,0.9473684210526316,0.7499999999999999
2,Accuracy,85.71428571428571,58.333333333333336,100.0,93.33333333333333,75.0
