,Metric,"MLP (seed 992391276, test 1)","MLP (seed 992391276, test 2)","MLP (seed 992391276, test 3)","MLP (seed 992391276, test 4)","MLP (seed 992391276, test 5)"
0,gmean,0.6636838030841121,0.6396021490668313,0.7846914939903075,0.7116835718867666,0.7098422141520241
1,F1,0.8131868131868131,0.7826086956521738,0.823529411764706,0.8275862068965518,0.851063829787234
2,Accuracy,74.24242424242425,70.58823529411765,78.26086956521739,76.5625,79.1044776119403
