,Metric,"RNN (seed 369953070, test 1)","RNN (seed 369953070, test 2)","RNN (seed 369953070, test 3)","RNN (seed 369953070, test 4)","RNN (seed 369953070, test 5)"
0,gmean,0.7808688094430303,0.6943035476417664,0.6969902829634388,0.5244044240850757,0.7875917418813502
1,F1,0.8536585365853658,0.7948717948717949,0.853932584269663,0.776470588235294,0.8571428571428572
2,Accuracy,80.64516129032258,73.33333333333333,78.33333333333333,67.24137931034483,81.35593220338984
