,Metric,"LSTM (seed 879273778, test 1)","LSTM (seed 879273778, test 2)","LSTM (seed 879273778, test 3)","LSTM (seed 879273778, test 4)","LSTM (seed 879273778, test 5)"
0,gmean,0.9258200997725514,0.8660254037844386,0.6454972243679028,1.0,1.0
1,F1,0.9473684210526316,0.9090909090909091,0.6666666666666667,1.0,1.0
2,Accuracy,93.75,88.88888888888889,61.53846153846154,100.0,100.0
