,Metric,Transformer (seed 305475974),Transformer (seed 369953070),Transformer (seed 879273778),Transformer (seed 965681145),Transformer (seed 992391276)
0,gmean,0.4410448366608609,0.8882798522371264,0.8944271909999159,0.623731589620416,0.6193235372853323
1,F1,0.9594594594594594,0.9863013698630136,0.9931972789115647,0.9659863945578231,0.958904109589041
2,Accuracy,92.3076923076923,97.43589743589743,98.71794871794873,93.58974358974359,92.3076923076923
