,Metric,"Bi-LSTM (seed 879273778, test 1)","Bi-LSTM (seed 879273778, test 2)","Bi-LSTM (seed 879273778, test 3)","Bi-LSTM (seed 879273778, test 4)","Bi-LSTM (seed 879273778, test 5)"
0,gmean,0.8056007552642255,0.7576144084141581,0.7935583459865119,0.8231258906656125,0.8337397382993762
1,F1,0.8500000000000001,0.8737864077669903,0.8333333333333334,0.8979591836734694,0.8941176470588236
2,Accuracy,81.25,82.1917808219178,79.41176470588235,85.91549295774648,86.15384615384616
