,Metric,LSTM (seed 305475974),LSTM (seed 369953070),LSTM (seed 879273778),LSTM (seed 965681145),LSTM (seed 992391276)
0,gmean,0.8209063386611841,0.7991758783818237,0.7937563259725143,0.8185633371679242,0.802661697559224
1,F1,0.8738317757009346,0.8727272727272727,0.8584686774941994,0.8744186046511628,0.8657407407407408
2,Accuracy,83.73493975903614,83.13253012048193,81.62650602409639,83.73493975903614,82.53012048192771
