,Metric,Random Forest (seed 305475974),Random Forest (seed 369953070),Random Forest (seed 879273778),Random Forest (seed 965681145),Random Forest (seed 992391276)
0,gmean,0.7807836898603321,0.7661883152417267,0.7714542762891773,0.7564731555082913,0.7563016001924424
1,F1,0.8357348703170029,0.8285714285714285,0.8352272727272727,0.828169014084507,0.8238636363636365
2,Accuracy,79.85865724381625,78.79858657243817,79.50530035335689,78.4452296819788,78.09187279151944
