,Metric,"LSTM (seed 369953070, test 1)","LSTM (seed 369953070, test 2)","LSTM (seed 369953070, test 3)","LSTM (seed 369953070, test 4)","LSTM (seed 369953070, test 5)"
0,gmean,0.9128709291752769,0.8660254037844386,0.8660254037844386,0.6324555320336759,0.9354143466934853
1,F1,0.9090909090909091,0.8571428571428571,0.8333333333333333,0.8,0.9333333333333333
2,Accuracy,88.88888888888889,80.0,84.61538461538461,72.72727272727273,90.0
