,Metric,"MLP (seed 965681145, test 1)","MLP (seed 965681145, test 2)","MLP (seed 965681145, test 3)","MLP (seed 965681145, test 4)","MLP (seed 965681145, test 5)"
0,gmean,0.7935753932437073,0.6913328984437151,0.6303987606290145,0.6913190854605983,0.7301845884223613
1,F1,0.7796610169491525,0.8,0.8292682926829269,0.71875,0.8157894736842105
2,Accuracy,77.96610169491525,74.13793103448276,75.43859649122807,68.42105263157895,76.27118644067797
