,Metric,"LSTM (seed 992391276, test 1)","LSTM (seed 992391276, test 2)","LSTM (seed 992391276, test 3)","LSTM (seed 992391276, test 4)","LSTM (seed 992391276, test 5)"
0,gmean,0.7698617244868925,0.6782329983125268,0.9078362554264214,0.8622518546628736,0.764875162105191
1,F1,0.845360824742268,0.851851851851852,0.9148936170212766,0.9090909090909091,0.86
2,Accuracy,79.45205479452055,78.37837837837837,89.1891891891892,87.67123287671232,80.82191780821918
