,Metric,"Bi-LSTM (seed 992391276, test 1)","Bi-LSTM (seed 992391276, test 2)","Bi-LSTM (seed 992391276, test 3)","Bi-LSTM (seed 992391276, test 4)","Bi-LSTM (seed 992391276, test 5)"
0,gmean,0.7601650328665365,0.6076289681729822,0.8881214387247279,0.8275973389105965,0.7756455480824747
1,F1,0.8157894736842104,0.7435897435897436,0.9024390243902439,0.8863636363636365,0.8604651162790697
2,Accuracy,77.41935483870968,66.66666666666666,88.05970149253731,84.84848484848484,81.53846153846153
