,Metric,"RNN (seed 965681145, test 1)","RNN (seed 965681145, test 2)","RNN (seed 965681145, test 3)","RNN (seed 965681145, test 4)","RNN (seed 965681145, test 5)"
0,gmean,0.7734924681537618,0.7791937224739796,0.7329943395104672,0.7487363091276265,0.6852095994087877
1,F1,0.8536585365853658,0.8470588235294119,0.8433734939759038,0.8505747126436781,0.7857142857142858
2,Accuracy,80.95238095238095,80.3030303030303,79.03225806451613,79.6875,72.3076923076923
