,Metric,"MLP (seed 305475974, test 1)","MLP (seed 305475974, test 2)","MLP (seed 305475974, test 3)","MLP (seed 305475974, test 4)","MLP (seed 305475974, test 5)"
0,gmean,0.724568837309472,0.7623624998624874,0.6321175915703102,0.7354652207338501,0.7841331933191357
1,F1,0.8372093023255814,0.8395061728395062,0.7906976744186047,0.8292682926829269,0.787878787878788
2,Accuracy,78.125,79.36507936507937,71.42857142857143,77.41935483870968,77.04918032786885
