,Metric,Bi-LSTM (seed 305475974),Bi-LSTM (seed 369953070),Bi-LSTM (seed 879273778),Bi-LSTM (seed 965681145),Bi-LSTM (seed 992391276)
0,gmean,0.6755077198756877,0.6862024383574915,0.796432173584004,0.8004852897018946,0.6862024383574915
1,F1,0.94,0.9556650246305418,0.9655172413793104,0.9705882352941178,0.9556650246305418
2,Accuracy,88.9908256880734,91.74311926605505,93.57798165137615,94.4954128440367,91.74311926605505
