,Metric,"Transformer (seed 879273778, test 1)","Transformer (seed 879273778, test 2)","Transformer (seed 879273778, test 3)","Transformer (seed 879273778, test 4)","Transformer (seed 879273778, test 5)"
0,gmean,0.7749881763017307,0.8928730157319249,0.8036375634160796,0.7863570994927847,0.8804509063256238
1,F1,0.8148148148148148,0.9213483146067416,0.8157894736842106,0.8695652173913044,0.9195402298850575
2,Accuracy,77.27272727272727,89.85507246376811,78.78787878787878,82.35294117647058,89.55223880597015
