,Metric,"RNN (seed 369953070, test 1)","RNN (seed 369953070, test 2)","RNN (seed 369953070, test 3)","RNN (seed 369953070, test 4)","RNN (seed 369953070, test 5)"
0,gmean,0.6931340293252782,0.7196546486331015,0.659380473395787,0.532366273003127,0.7938841860374447
1,F1,0.6666666666666667,0.782608695652174,0.7575757575757577,0.6875,0.8571428571428571
2,Accuracy,69.76744186046511,73.68421052631578,69.81132075471697,60.0,81.81818181818183
