,Metric,"RNN (seed 305475974, test 1)","RNN (seed 305475974, test 2)","RNN (seed 305475974, test 3)","RNN (seed 305475974, test 4)","RNN (seed 305475974, test 5)"
0,gmean,0.7924058156930615,0.7237468644557459,0.7924058156930615,0.6276459144608478,0.8117356273332904
1,F1,0.8470588235294119,0.7951807228915663,0.8470588235294119,0.8125,0.888888888888889
2,Accuracy,80.59701492537313,74.24242424242425,80.59701492537313,73.13432835820896,85.07462686567165
