,Metric,"Transformer (seed 369953070, test 1)","Transformer (seed 369953070, test 2)","Transformer (seed 369953070, test 3)","Transformer (seed 369953070, test 4)","Transformer (seed 369953070, test 5)"
0,gmean,0.8482007099999649,0.8613058841590231,0.8112726208286105,0.6510860492118233,0.8340576562282991
1,F1,0.8705882352941177,0.8863636363636365,0.8775510204081631,0.8210526315789474,0.8888888888888888
2,Accuracy,84.05797101449275,85.71428571428571,83.56164383561644,74.6268656716418,85.29411764705883
