,Metric,"LSTM (seed 879273778, test 1)","LSTM (seed 879273778, test 2)","LSTM (seed 879273778, test 3)","LSTM (seed 879273778, test 4)","LSTM (seed 879273778, test 5)"
0,gmean,0.8248071928462093,0.6718548123582124,0.7803680919760616,0.8021709673564391,0.8373711699064377
1,F1,0.8484848484848485,0.7792207792207793,0.8108108108108107,0.8809523809523809,0.8732394366197184
2,Accuracy,82.45614035087719,71.66666666666667,77.77777777777779,84.12698412698413,84.7457627118644
