,Metric,"Transformer (seed 369953070, test 1)","Transformer (seed 369953070, test 2)","Transformer (seed 369953070, test 3)","Transformer (seed 369953070, test 4)","Transformer (seed 369953070, test 5)"
0,gmean,0.8311374577554609,0.8539125638299666,0.8075728530872482,0.6531133069953353,0.8303258359155277
1,F1,0.8450704225352113,0.875,0.8695652173913043,0.8048780487804879,0.8809523809523809
2,Accuracy,82.25806451612904,84.84848484848484,82.85714285714286,73.33333333333333,84.61538461538461
