,Metric,"Bi-LSTM (seed 305475974, test 1, fold 1)","Bi-LSTM (seed 305475974, test 1, fold 2)","Bi-LSTM (seed 305475974, test 1, fold 3)","Bi-LSTM (seed 305475974, test 1, fold 4)","Bi-LSTM (seed 305475974, test 1, fold 5)","Bi-LSTM (seed 305475974, test 2, fold 1)","Bi-LSTM (seed 305475974, test 2, fold 2)","Bi-LSTM (seed 305475974, test 2, fold 3)","Bi-LSTM (seed 305475974, test 2, fold 4)","Bi-LSTM (seed 305475974, test 2, fold 5)","Bi-LSTM (seed 305475974, test 3, fold 1)","Bi-LSTM (seed 305475974, test 3, fold 2)","Bi-LSTM (seed 305475974, test 3, fold 3)","Bi-LSTM (seed 305475974, test 3, fold 4)","Bi-LSTM (seed 305475974, test 3, fold 5)","Bi-LSTM (seed 305475974, test 4, fold 1)","Bi-LSTM (seed 305475974, test 4, fold 2)","Bi-LSTM (seed 305475974, test 4, fold 3)","Bi-LSTM (seed 305475974, test 4, fold 4)","Bi-LSTM (seed 305475974, test 4, fold 5)","Bi-LSTM (seed 305475974, test 5, fold 1)","Bi-LSTM (seed 305475974, test 5, fold 2)","Bi-LSTM (seed 305475974, test 5, fold 3)","Bi-LSTM (seed 305475974, test 5, fold 4)","Bi-LSTM (seed 305475974, test 5, fold 5)"
0,gmean,0.8031189202104505,0.7302967433402214,0.705927286151579,0.7571877794400365,0.7393691004272944,0.6894491540747741,0.7154752000627009,0.7423074889580903,0.7284313590846835,0.7921811790292441,0.8112726208286105,0.813888792149391,0.7921811790292441,0.7468755781599106,0.7698617244868925,0.7567874686642695,0.7734221474601165,0.7006490497453707,0.7816067367347156,0.7128687243678307,0.7791937224739796,0.8112726208286105,0.7284313590846835,0.7154752000627009,0.8017837257372731
1,F1,0.8686868686868686,0.816326530612245,0.8598130841121495,0.8514851485148515,0.8282828282828283,0.8349514563106796,0.8431372549019608,0.7912087912087913,0.8125,0.8541666666666667,0.8775510204081631,0.8631578947368421,0.8541666666666667,0.8367346938775511,0.845360824742268,0.8737864077669903,0.8952380952380952,0.8571428571428572,0.8571428571428572,0.8431372549019608,0.8571428571428571,0.8775510204081631,0.8125,0.8431372549019608,0.8659793814432989
2,Accuracy,82.43243243243244,75.67567567567568,79.72972972972973,79.72972972972973,77.02702702702703,76.71232876712328,78.08219178082192,73.97260273972603,75.34246575342466,80.82191780821918,83.56164383561644,82.1917808219178,80.82191780821918,78.08219178082192,79.45205479452055,81.94444444444444,84.72222222222221,79.16666666666666,80.55555555555556,77.77777777777779,80.82191780821918,83.56164383561644,75.34246575342466,78.08219178082192,82.1917808219178
