,Metric,"MLP (seed 305475974, test 1)","MLP (seed 305475974, test 2)","MLP (seed 305475974, test 3)","MLP (seed 305475974, test 4)","MLP (seed 305475974, test 5)"
0,gmean,0.6992058987801011,0.773001205818937,0.7010370827944777,0.8050764858994133,0.7688517444384896
1,F1,0.7999999999999999,0.830188679245283,0.8070175438596492,0.8620689655172414,0.7692307692307693
2,Accuracy,74.46808510638297,78.57142857142857,75.0,82.97872340425532,76.0
