,Metric,"Bi-LSTM (seed 992391276, test 1)","Bi-LSTM (seed 992391276, test 2)","Bi-LSTM (seed 992391276, test 3)","Bi-LSTM (seed 992391276, test 4)","Bi-LSTM (seed 992391276, test 5)"
0,gmean,0.7604152106033959,0.6278269400612454,0.8878813734578135,0.8064953704818743,0.7737179432986628
1,F1,0.8333333333333334,0.8113207547169812,0.9052631578947369,0.88,0.8712871287128713
2,Accuracy,78.08219178082192,72.97297297297297,87.83783783783784,83.56164383561644,82.1917808219178
