,Metric,"Bi-LSTM (seed 879273778, test 1, fold 1)","Bi-LSTM (seed 879273778, test 1, fold 2)","Bi-LSTM (seed 879273778, test 1, fold 3)","Bi-LSTM (seed 879273778, test 1, fold 4)","Bi-LSTM (seed 879273778, test 1, fold 5)","Bi-LSTM (seed 879273778, test 2, fold 1)","Bi-LSTM (seed 879273778, test 2, fold 2)","Bi-LSTM (seed 879273778, test 2, fold 3)","Bi-LSTM (seed 879273778, test 2, fold 4)","Bi-LSTM (seed 879273778, test 2, fold 5)","Bi-LSTM (seed 879273778, test 3, fold 1)","Bi-LSTM (seed 879273778, test 3, fold 2)","Bi-LSTM (seed 879273778, test 3, fold 3)","Bi-LSTM (seed 879273778, test 3, fold 4)","Bi-LSTM (seed 879273778, test 3, fold 5)","Bi-LSTM (seed 879273778, test 4, fold 1)","Bi-LSTM (seed 879273778, test 4, fold 2)","Bi-LSTM (seed 879273778, test 4, fold 3)","Bi-LSTM (seed 879273778, test 4, fold 4)","Bi-LSTM (seed 879273778, test 4, fold 5)","Bi-LSTM (seed 879273778, test 5, fold 1)","Bi-LSTM (seed 879273778, test 5, fold 2)","Bi-LSTM (seed 879273778, test 5, fold 3)","Bi-LSTM (seed 879273778, test 5, fold 4)","Bi-LSTM (seed 879273778, test 5, fold 5)"
0,gmean,0.6922471012213329,0.7435926685429161,0.7044283367834631,0.709775118144109,0.6735623210795507,0.7937253933193772,0.7895146188218007,0.6324555320336759,0.8215838362577492,0.812403840463596,0.7649224686062787,0.7365821009835644,0.7145896010104964,0.7365821009835644,0.705223670569781,0.7903589426378567,0.7393130939809446,0.7124199234255736,0.696040264416823,0.7790513649826164,0.8283182426526118,0.7552286874651746,0.7503085784948502,0.7110243002567181,0.7835106182362106
1,F1,0.8210526315789473,0.8387096774193549,0.7865168539325844,0.845360824742268,0.7441860465116279,0.8571428571428572,0.8712871287128714,0.8571428571428571,0.8910891089108911,0.88,0.7857142857142857,0.8,0.7912087912087913,0.7816091954022989,0.7586206896551724,0.8799999999999999,0.8627450980392157,0.8543689320388349,0.8316831683168318,0.826086956521739,0.8764044943820225,0.8888888888888888,0.8351648351648352,0.8297872340425533,0.8571428571428571
2,Accuracy,75.36231884057972,78.26086956521739,72.46376811594203,78.26086956521739,68.11594202898551,81.08108108108108,82.43243243243244,78.37837837837837,85.13513513513513,83.78378378378379,74.64788732394366,74.64788732394366,73.23943661971832,73.23943661971832,70.4225352112676,83.33333333333334,80.55555555555556,79.16666666666666,76.38888888888889,77.77777777777779,84.05797101449275,84.05797101449275,78.26086956521739,76.81159420289855,81.15942028985508
