,Metric,Transformer (seed 305475974),Transformer (seed 369953070),Transformer (seed 879273778),Transformer (seed 965681145),Transformer (seed 992391276)
0,gmean,0.8124716637313113,0.8092674831261351,0.8324854443567847,0.8361012829640956,0.8130938282578167
1,F1,0.8702928870292886,0.8737060041407868,0.8771186440677967,0.8846960167714885,0.8783505154639175
2,Accuracy,82.82548476454294,83.10249307479224,83.93351800554017,84.7645429362881,83.65650969529086
