,Metric,"Bi-LSTM (seed 965681145, fold 1)","Bi-LSTM (seed 965681145, fold 2)","Bi-LSTM (seed 965681145, fold 3)","Bi-LSTM (seed 965681145, fold 4)","Bi-LSTM (seed 965681145, fold 5)"
0,gmean,0.0,0.0,0.0,0.0,0.0
1,F1,0.9557522123893805,0.9649122807017544,0.9557522123893805,0.9464285714285714,0.9369369369369369
2,Accuracy,91.52542372881356,93.22033898305084,91.52542372881356,89.83050847457628,88.13559322033898
