,Metric,"Transformer (seed 879273778, test 1)","Transformer (seed 879273778, test 2)","Transformer (seed 879273778, test 3)","Transformer (seed 879273778, test 4)","Transformer (seed 879273778, test 5)"
0,gmean,0.7551476239016433,0.8606629658238704,0.7884862245567702,0.7662383520297141,0.8637067238437097
1,F1,0.7666666666666667,0.8679245283018868,0.7941176470588235,0.8378378378378377,0.8985507246376812
2,Accuracy,74.54545454545455,86.0,77.41935483870968,79.3103448275862,87.5
