,Metric,"MLP (seed 879273778, test 1)","MLP (seed 879273778, test 2)","MLP (seed 879273778, test 3)","MLP (seed 879273778, test 4)","MLP (seed 879273778, test 5)"
0,gmean,0.6666666666666666,0.7758909001678076,0.6974858324629156,0.8126670951174478,0.7715619987328063
1,F1,0.7457627118644067,0.7843137254901961,0.75,0.8253968253968255,0.8529411764705881
2,Accuracy,69.38775510204081,77.55102040816327,70.49180327868852,80.35714285714286,81.13207547169812
