,Metric,Bi-LSTM (seed 305475974),Bi-LSTM (seed 369953070),Bi-LSTM (seed 879273778),Bi-LSTM (seed 965681145),Bi-LSTM (seed 992391276)
0,gmean,0.7948636857141621,0.7847493343688176,0.8023981070977765,0.8218158331503219,0.7745252342250896
1,F1,0.865979381443299,0.8653061224489796,0.8752556237218814,0.8875255623721882,0.8565573770491803
2,Accuracy,82.04419889502762,81.76795580110497,83.14917127071824,84.80662983425414,80.66298342541437
