,Metric,"RNN (seed 965681145, test 1)","RNN (seed 965681145, test 2)","RNN (seed 965681145, test 3)","RNN (seed 965681145, test 4)","RNN (seed 965681145, test 5)"
0,gmean,0.7601169500660919,0.7730823048033113,0.7317864194123608,0.7327563156887957,0.6695340634119862
1,F1,0.8125,0.8181818181818182,0.8285714285714286,0.8059701492537314,0.7241379310344829
2,Accuracy,77.77777777777779,78.57142857142857,77.77777777777779,75.92592592592592,68.0
