,Metric,"RNN (seed 879273778, test 1)","RNN (seed 879273778, test 2)","RNN (seed 879273778, test 3)","RNN (seed 879273778, test 4)","RNN (seed 879273778, test 5)"
0,gmean,0.8227094042292732,0.7934920476158722,0.7373940601876312,0.7604346583140575,0.7158123967824163
1,F1,0.8648648648648649,0.8533333333333333,0.7733333333333333,0.8735632183908046,0.8433734939759038
2,Accuracy,83.33333333333334,81.66666666666667,73.4375,82.53968253968253,78.68852459016394
