,Metric,"RNN (seed 305475974, test 1)","RNN (seed 305475974, test 2)","RNN (seed 305475974, test 3)","RNN (seed 305475974, test 4)","RNN (seed 305475974, test 5)"
0,gmean,0.7974142996067924,0.7322785563281031,0.7989354619369612,0.6276459144608478,0.8130873945100312
1,F1,0.8571428571428571,0.8131868131868132,0.8602150537634409,0.8125,0.8936170212765957
2,Accuracy,81.42857142857143,75.71428571428571,81.69014084507043,73.13432835820896,85.5072463768116
