,Metric,"LSTM (seed 965681145, test 1)","LSTM (seed 965681145, test 2)","LSTM (seed 965681145, test 3)","LSTM (seed 965681145, test 4)","LSTM (seed 965681145, test 5)"
0,gmean,1.0,0.7745966692414834,0.9574271077563381,0.8660254037844386,0.7245688373094719
1,F1,1.0,0.9,0.9565217391304348,0.9090909090909091,0.7777777777777777
2,Accuracy,100.0,84.61538461538461,94.11764705882352,88.88888888888889,71.42857142857143
