,Metric,"MLP (seed 879273778, test 1)","MLP (seed 879273778, test 2)","MLP (seed 879273778, test 3)","MLP (seed 879273778, test 4)","MLP (seed 879273778, test 5)"
0,gmean,0.6803013430498075,0.7801894976054939,0.7008766440504623,0.8195835355332437,0.7739059899518949
1,F1,0.7887323943661972,0.7924528301886792,0.7567567567567567,0.835820895522388,0.8648648648648648
2,Accuracy,72.72727272727273,78.0,70.96774193548387,81.03448275862068,82.14285714285714
