,Metric,Transformer (seed 305475974),Transformer (seed 369953070),Transformer (seed 879273778),Transformer (seed 965681145),Transformer (seed 992391276)
0,gmean,0.0,0.0,0.0,0.0,0.0
1,F1,0.9473684210526315,0.9473684210526315,0.9473684210526315,0.9743589743589743,0.9743589743589743
2,Accuracy,90.0,90.0,90.0,95.0,95.0
