,Metric,"RNN (seed 992391276, test 1)","RNN (seed 992391276, test 2)","RNN (seed 992391276, test 3)","RNN (seed 992391276, test 4)","RNN (seed 992391276, test 5)"
0,gmean,0.816496580927726,0.5855400437691199,0.8660254037844386,0.8944271909999159,0.5163977794943222
1,F1,0.888888888888889,0.75,0.9333333333333333,0.9523809523809523,0.5
2,Accuracy,85.71428571428571,66.66666666666666,90.9090909090909,93.33333333333333,50.0
