,Metric,"MLP (seed 369953070, test 1)","MLP (seed 369953070, test 2)","MLP (seed 369953070, test 3)","MLP (seed 369953070, test 4)","MLP (seed 369953070, test 5)"
0,gmean,0.8003905296791061,0.754983443527075,0.8046738469715541,0.6064866750032698,0.8735489933788404
1,F1,0.8631578947368421,0.8085106382978724,0.8222222222222222,0.8468468468468469,0.9052631578947369
2,Accuracy,81.94444444444444,75.67567567567568,78.37837837837837,76.71232876712328,87.5
