,Metric,"Bi-LSTM (seed 879273778, test 1)","Bi-LSTM (seed 879273778, test 2)","Bi-LSTM (seed 879273778, test 3)","Bi-LSTM (seed 879273778, test 4)","Bi-LSTM (seed 879273778, test 5)"
0,gmean,0.7712506636670704,0.7117435966472906,0.816496580927726,0.7905694150420949,0.8058229640253803
1,F1,0.8214285714285715,0.8536585365853658,0.847457627118644,0.8484848484848485,0.8695652173913043
2,Accuracy,77.77777777777779,79.3103448275862,82.0,81.13207547169812,83.33333333333334
