,Metric,"RNN (seed 305475974, test 1)","RNN (seed 305475974, test 2)","RNN (seed 305475974, test 3)","RNN (seed 305475974, test 4)","RNN (seed 305475974, test 5)"
0,gmean,0.7135060680126757,0.6513389472789296,0.8003267306650412,0.6642111641550714,0.7867957924694432
1,F1,0.7272727272727273,0.6829268292682926,0.7999999999999999,0.7142857142857143,0.8333333333333334
2,Accuracy,71.42857142857143,64.86486486486487,80.0,67.56756756756756,80.48780487804879
