,Metric,Transformer (seed 305475974),Transformer (seed 369953070),Transformer (seed 879273778),Transformer (seed 965681145),Transformer (seed 992391276)
0,gmean,0.0,0.0,0.0,0.0,0.0
1,F1,0.9620253164556962,0.9620253164556962,0.9487179487179489,0.9620253164556962,0.9487179487179489
2,Accuracy,92.6829268292683,92.6829268292683,90.2439024390244,92.6829268292683,90.2439024390244
