,Metric,Transformer (seed 305475974),Transformer (seed 369953070),Transformer (seed 879273778),Transformer (seed 965681145),Transformer (seed 992391276)
0,gmean,0.8071300176631357,0.8046571355532522,0.8290074237106978,0.8313380648675185,0.8089259036281137
1,F1,0.8584686774941995,0.8623853211009175,0.868544600938967,0.8744186046511627,0.867579908675799
2,Accuracy,81.89910979228486,82.19584569732937,83.38278931750742,83.97626112759644,82.7893175074184
