,Metric,"Bi-LSTM (seed 369953070, test 1)","Bi-LSTM (seed 369953070, test 2)","Bi-LSTM (seed 369953070, test 3)","Bi-LSTM (seed 369953070, test 4)","Bi-LSTM (seed 369953070, test 5)"
0,gmean,0.7200822998230957,0.8469895538599199,0.8591246929842246,0.603867851012683,0.8591246929842246
1,F1,0.7796610169491525,0.88,0.8857142857142857,0.7428571428571428,0.8732394366197183
2,Accuracy,74.0,85.24590163934425,86.4406779661017,66.66666666666666,84.7457627118644
