,Metric,Transformer (seed 305475974),Transformer (seed 369953070),Transformer (seed 879273778),Transformer (seed 965681145),Transformer (seed 992391276)
0,gmean,0.7982281262852873,0.7819692307367422,0.8005136803582842,0.8211798117256905,0.8035746570901526
1,F1,0.8211920529801324,0.8155339805825244,0.8187919463087249,0.8410596026490067,0.8360128617363344
2,Accuracy,79.8507462686567,78.73134328358209,79.8507462686567,82.08955223880598,80.97014925373134
