,Metric,"Bi-LSTM (seed 992391276, test 1)","Bi-LSTM (seed 992391276, test 2)","Bi-LSTM (seed 992391276, test 3)","Bi-LSTM (seed 992391276, test 4)","Bi-LSTM (seed 992391276, test 5)"
0,gmean,0.7644442425710327,0.6114764989530912,0.8881214387247279,0.8275973389105965,0.7784989441615229
1,F1,0.825,0.7560975609756098,0.9024390243902439,0.8863636363636365,0.8695652173913043
2,Accuracy,78.125,67.74193548387096,88.05970149253731,84.84848484848484,82.35294117647058
