,Metric,"RNN (seed 879273778, test 1)","RNN (seed 879273778, test 2)","RNN (seed 879273778, test 3)","RNN (seed 879273778, test 4)","RNN (seed 879273778, test 5)"
0,gmean,0.8316295356285923,0.7934920476158722,0.7440238091428449,0.7626549102164719,0.7186604679659612
1,F1,0.8837209302325582,0.8695652173913044,0.7848101265822786,0.88659793814433,0.8631578947368421
2,Accuracy,84.84848484848484,82.6086956521739,74.24242424242425,83.82352941176471,80.59701492537313
