,Metric,Bi-LSTM (seed 305475974),Bi-LSTM (seed 369953070),Bi-LSTM (seed 879273778),Bi-LSTM (seed 965681145),Bi-LSTM (seed 992391276)
0,gmean,0.75,0.8100925873009825,0.8539125638299666,0.8100925873009825,0.7905694150420949
1,F1,0.7826086956521738,0.8181818181818182,0.8695652173913043,0.8181818181818182,0.8333333333333334
2,Accuracy,75.0,80.0,85.0,80.0,80.0
