,Metric,"MLP (seed 992391276, test 1)","MLP (seed 992391276, test 2)","MLP (seed 992391276, test 3)","MLP (seed 992391276, test 4)","MLP (seed 992391276, test 5)"
0,gmean,0.6647258571142536,0.6411794687223782,0.7894472435537475,0.7179651020866636,0.7121040644326925
1,F1,0.8172043010752689,0.7872340425531914,0.8314606741573034,0.8453608247422681,0.8627450980392157
2,Accuracy,74.6268656716418,71.01449275362319,78.87323943661971,78.26086956521739,80.28169014084507
