,Metric,"RNN (seed 369953070, test 1)","RNN (seed 369953070, test 2)","RNN (seed 369953070, test 3)","RNN (seed 369953070, test 4)","RNN (seed 369953070, test 5)"
0,gmean,0.7694837640638655,0.7216878364870323,0.6863049560899463,0.5484729361528488,0.7828387055603443
1,F1,0.8108108108108109,0.8139534883720929,0.8247422680412372,0.7619047619047619,0.8604651162790699
2,Accuracy,77.41935483870968,75.75757575757575,75.71428571428571,66.66666666666666,81.53846153846153
