,Metric,"Transformer (seed 879273778, test 1)","Transformer (seed 879273778, test 2)","Transformer (seed 879273778, test 3)","Transformer (seed 879273778, test 4)","Transformer (seed 879273778, test 5)"
0,gmean,0.7281169395776065,0.8803408430829504,0.792593923901217,0.7772509203178929,0.8716673227605973
1,F1,0.7368421052631579,0.8985507246376812,0.8,0.8461538461538461,0.8985507246376812
2,Accuracy,72.22222222222221,88.13559322033898,77.77777777777779,80.32786885245902,87.93103448275862
