,Metric,"RNN (seed 992391276, test 1)","RNN (seed 992391276, test 2)","RNN (seed 992391276, test 3)","RNN (seed 992391276, test 4)","RNN (seed 992391276, test 5)"
0,gmean,0.7791937224739796,0.6267831705280087,0.812403840463596,0.7373170034906043,0.6395417151696805
1,F1,0.8571428571428571,0.8076923076923076,0.88,0.8761904761904761,0.7628865979381444
2,Accuracy,80.82191780821918,72.6027397260274,83.78378378378379,81.94444444444444,68.4931506849315
