,Metric,"Bi-LSTM (seed 879273778, test 1)","Bi-LSTM (seed 879273778, test 2)","Bi-LSTM (seed 879273778, test 3)","Bi-LSTM (seed 879273778, test 4)","Bi-LSTM (seed 879273778, test 5)"
0,gmean,0.7990268680881598,0.7624928516630234,0.7932676120159604,0.8187637725668786,0.8320502943378437
1,F1,0.8378378378378377,0.8695652173913043,0.8266666666666667,0.8863636363636364,0.888888888888889
2,Accuracy,80.32786885245902,82.08955223880598,79.36507936507937,84.84848484848484,85.71428571428571
