,Metric,"MLP (seed 305475974, test 1)","MLP (seed 305475974, test 2)","MLP (seed 305475974, test 3)","MLP (seed 305475974, test 4)","MLP (seed 305475974, test 5)"
0,gmean,0.7290277645477444,0.7687061147858073,0.6391513848483966,0.7354652207338501,0.801040989379861
1,F1,0.8541666666666666,0.8571428571428571,0.8200000000000001,0.8292682926829269,0.8148148148148148
2,Accuracy,79.71014492753623,80.88235294117648,74.28571428571429,77.41935483870968,78.26086956521739
