,Metric,"Bi-LSTM (seed 369953070, test 1)","Bi-LSTM (seed 369953070, test 2)","Bi-LSTM (seed 369953070, test 3)","Bi-LSTM (seed 369953070, test 4)","Bi-LSTM (seed 369953070, test 5)"
0,gmean,0.7491491772643939,0.8335033840102045,0.8755950357709131,0.5943575267170572,0.8421519210665189
1,F1,0.8627450980392157,0.8865979381443299,0.92,0.78,0.8791208791208791
2,Accuracy,80.82191780821918,84.93150684931507,89.1891891891892,69.01408450704226,84.50704225352112
