,Metric,"LSTM (seed 992391276, test 1)","LSTM (seed 992391276, test 2)","LSTM (seed 992391276, test 3)","LSTM (seed 992391276, test 4)","LSTM (seed 992391276, test 5)"
0,gmean,0.768295371441074,0.6756639246921762,0.9063269671749657,0.881630720467888,0.764875162105191
1,F1,0.8421052631578947,0.84,0.9130434782608695,0.9183673469387755,0.86
2,Accuracy,79.16666666666666,77.14285714285715,89.04109589041096,88.88888888888889,80.82191780821918
