,Metric,"LSTM (seed 305475974, test 1)","LSTM (seed 305475974, test 2)","LSTM (seed 305475974, test 3)","LSTM (seed 305475974, test 4)","LSTM (seed 305475974, test 5)"
0,gmean,0.832250378576479,0.7487012977269327,0.827170191868511,0.8230548917531015,0.8451542547285166
1,F1,0.8823529411764706,0.8181818181818182,0.8524590163934426,0.8955223880597015,0.8955223880597014
2,Accuracy,85.18518518518519,76.47058823529412,82.35294117647058,86.27450980392157,86.79245283018868
