,Metric,"Transformer (seed 305475974, test 1)","Transformer (seed 305475974, test 2)","Transformer (seed 305475974, test 3)","Transformer (seed 305475974, test 4)","Transformer (seed 305475974, test 5)"
0,gmean,0.8371126422158346,0.7325198740332296,0.8606629658238704,0.7984359711335656,0.7941547822570977
1,F1,0.8705882352941177,0.8048780487804877,0.8988764044943819,0.8461538461538461,0.8505747126436781
2,Accuracy,83.82352941176471,75.38461538461539,86.95652173913044,80.64516129032258,80.88235294117648
