,Metric,"RNN (seed 965681145, test 1)","RNN (seed 965681145, test 2)","RNN (seed 965681145, test 3)","RNN (seed 965681145, test 4)","RNN (seed 965681145, test 5)"
0,gmean,0.8660254037844386,0.9354143466934853,0.7745966692414834,0.8660254037844386,0.44095855184409843
1,F1,0.9411764705882353,0.9333333333333333,0.9166666666666666,0.888888888888889,0.7368421052631577
2,Accuracy,91.66666666666666,90.9090909090909,87.5,87.5,61.53846153846154
