,Metric,"LSTM (seed 305475974, test 1)","LSTM (seed 305475974, test 2)","LSTM (seed 305475974, test 3)","LSTM (seed 305475974, test 4)","LSTM (seed 305475974, test 5)"
0,gmean,0.8376780679082779,0.8102493844740953,0.8467905665309997,0.7672264096317094,0.8452401400246814
1,F1,0.8863636363636365,0.8500000000000001,0.8809523809523809,0.8705882352941177,0.8915662650602411
2,Accuracy,85.29411764705883,81.53846153846153,85.07462686567165,82.25806451612904,86.15384615384616
