,Metric,Bi-LSTM (seed 305475974),Bi-LSTM (seed 369953070),Bi-LSTM (seed 879273778),Bi-LSTM (seed 965681145),Bi-LSTM (seed 992391276)
0,gmean,0.6666666666666666,0.6804138174397717,0.7960809355631362,0.7960809355631362,0.6804138174397717
1,F1,0.923076923076923,0.9433962264150944,0.9625,0.9625,0.9433962264150944
2,Accuracy,86.20689655172413,89.65517241379311,93.10344827586206,93.10344827586206,89.65517241379311
