,Metric,"RNN (seed 305475974, test 1)","RNN (seed 305475974, test 2)","RNN (seed 305475974, test 3)","RNN (seed 305475974, test 4)","RNN (seed 305475974, test 5)"
0,gmean,0.7644707871564383,0.7034271025353763,0.7737468646310082,0.672021505032247,0.8036375634160795
1,F1,0.8181818181818182,0.787878787878788,0.8253968253968254,0.8115942028985507,0.8857142857142857
2,Accuracy,77.77777777777779,72.54901960784314,78.43137254901961,74.50980392156863,84.90566037735849
