,Metric,Transformer (seed 305475974),Transformer (seed 369953070),Transformer (seed 879273778),Transformer (seed 965681145),Transformer (seed 992391276)
0,gmean,0.7467099554551001,0.7627700713964739,0.7627700713964739,0.7833494518006403,0.833939173713854
1,F1,0.7666666666666667,0.7868852459016394,0.7868852459016394,0.8307692307692308,0.8571428571428572
2,Accuracy,73.58490566037736,75.47169811320755,75.47169811320755,79.24528301886792,83.01886792452831
