,Metric,"Transformer (seed 369953070, test 1)","Transformer (seed 369953070, test 2)","Transformer (seed 369953070, test 3)","Transformer (seed 369953070, test 4)","Transformer (seed 369953070, test 5)"
0,gmean,0.8539125638299666,0.8613058841590231,0.8112726208286105,0.6448868249648403,0.8176051986561517
1,F1,0.8791208791208791,0.8863636363636365,0.8775510204081631,0.8163265306122449,0.8817204301075269
2,Accuracy,84.72222222222221,85.71428571428571,83.56164383561644,73.91304347826086,84.28571428571429
