,Metric,"LSTM (seed 879273778, test 1)","LSTM (seed 879273778, test 2)","LSTM (seed 879273778, test 3)","LSTM (seed 879273778, test 4)","LSTM (seed 879273778, test 5)"
0,gmean,0.8388704928078611,0.6335122671599505,0.7740149217548065,0.7884527595301415,0.8203782833908011
1,F1,0.8461538461538461,0.7017543859649122,0.8000000000000002,0.861111111111111,0.8571428571428571
2,Accuracy,83.6734693877551,65.3061224489796,77.04918032786885,82.14285714285714,83.01886792452831
