,Metric,"LSTM (seed 305475974, test 1)","LSTM (seed 305475974, test 2)","LSTM (seed 305475974, test 3)","LSTM (seed 305475974, test 4)","LSTM (seed 305475974, test 5)"
0,gmean,0.834665601703261,0.813888792149391,0.8366600265340756,0.7564217825019837,0.8335033840102045
1,F1,0.888888888888889,0.8631578947368421,0.8749999999999999,0.8867924528301886,0.8865979381443299
2,Accuracy,85.13513513513513,82.1917808219178,83.78378378378379,83.56164383561644,84.93150684931507
