,Metric,"RNN (seed 965681145, test 1)","RNN (seed 965681145, test 2)","RNN (seed 965681145, test 3)","RNN (seed 965681145, test 4)","RNN (seed 965681145, test 5)"
0,gmean,0.8660254037844386,0.9354143466934853,0.7745966692414834,0.8660254037844386,0.4330127018922193
1,F1,0.9090909090909091,0.9333333333333333,0.9,0.8571428571428571,0.7058823529411765
2,Accuracy,88.88888888888889,90.9090909090909,85.71428571428571,85.71428571428571,58.333333333333336
