,Metric,"Transformer (seed 879273778, test 1)","Transformer (seed 879273778, test 2)","Transformer (seed 879273778, test 3)","Transformer (seed 879273778, test 4)","Transformer (seed 879273778, test 5)"
0,gmean,0.7593806943171533,0.8918825850158447,0.7905694150420949,0.7840678454373295,0.8779711460710616
1,F1,0.7887323943661972,0.9195402298850575,0.8,0.8636363636363636,0.9135802469135802
2,Accuracy,75.40983606557377,89.70588235294117,77.27272727272727,81.81818181818183,89.0625
