,Metric,"LSTM (seed 879273778, test 1)","LSTM (seed 879273778, test 2)","LSTM (seed 879273778, test 3)","LSTM (seed 879273778, test 4)","LSTM (seed 879273778, test 5)"
0,gmean,0.8319416503086102,0.6718548123582124,0.78328900583799,0.8021709673564391,0.8402863089930009
1,F1,0.8611111111111112,0.7792207792207793,0.8157894736842106,0.8809523809523809,0.88
2,Accuracy,83.33333333333334,71.66666666666667,78.125,84.12698412698413,85.24590163934425
