,Metric,"Transformer (seed 879273778, test 1)","Transformer (seed 879273778, test 2)","Transformer (seed 879273778, test 3)","Transformer (seed 879273778, test 4)","Transformer (seed 879273778, test 5)"
0,gmean,0.7557068426065741,0.8908449085911592,0.7964766161036996,0.7828387055603443,0.8779711460710616
1,F1,0.7826086956521738,0.9176470588235294,0.8055555555555555,0.8604651162790699,0.9135802469135802
2,Accuracy,75.0,89.55223880597015,78.125,81.53846153846153,89.0625
