,Metric,"Bi-LSTM (seed 305475974, test 1, fold 1)","Bi-LSTM (seed 305475974, test 1, fold 2)","Bi-LSTM (seed 305475974, test 1, fold 3)","Bi-LSTM (seed 305475974, test 1, fold 4)","Bi-LSTM (seed 305475974, test 1, fold 5)","Bi-LSTM (seed 305475974, test 2, fold 1)","Bi-LSTM (seed 305475974, test 2, fold 2)","Bi-LSTM (seed 305475974, test 2, fold 3)","Bi-LSTM (seed 305475974, test 2, fold 4)","Bi-LSTM (seed 305475974, test 2, fold 5)","Bi-LSTM (seed 305475974, test 3, fold 1)","Bi-LSTM (seed 305475974, test 3, fold 2)","Bi-LSTM (seed 305475974, test 3, fold 3)","Bi-LSTM (seed 305475974, test 3, fold 4)","Bi-LSTM (seed 305475974, test 3, fold 5)","Bi-LSTM (seed 305475974, test 4, fold 1)","Bi-LSTM (seed 305475974, test 4, fold 2)","Bi-LSTM (seed 305475974, test 4, fold 3)","Bi-LSTM (seed 305475974, test 4, fold 4)","Bi-LSTM (seed 305475974, test 4, fold 5)","Bi-LSTM (seed 305475974, test 5, fold 1)","Bi-LSTM (seed 305475974, test 5, fold 2)","Bi-LSTM (seed 305475974, test 5, fold 3)","Bi-LSTM (seed 305475974, test 5, fold 4)","Bi-LSTM (seed 305475974, test 5, fold 5)"
0,gmean,0.7905694150420949,0.7037315505489968,0.6636838030841121,0.725389878748302,0.725389878748302,0.6708203932499369,0.6806139097297726,0.7316379689758171,0.7081458806173302,0.7194769341845014,0.7896086254446049,0.7921681414778491,0.7374684055082001,0.7198740330653561,0.7775528239689431,0.8064778385455118,0.8064778385455118,0.7372611524884796,0.8312983282607428,0.7474307522335676,0.7663560447348133,0.7932538689979849,0.7237468644557459,0.6884205854667125,0.7932538689979849
1,F1,0.8641975308641976,0.8000000000000002,0.840909090909091,0.8292682926829269,0.8292682926829269,0.8292682926829269,0.8433734939759036,0.7777777777777777,0.8051948051948051,0.8205128205128205,0.8571428571428572,0.8378378378378378,0.8157894736842105,0.8205128205128205,0.8421052631578947,0.9090909090909092,0.9090909090909092,0.8764044943820225,0.875,0.8604651162790697,0.8604651162790699,0.8705882352941177,0.8048780487804876,0.8444444444444444,0.8705882352941177
2,Accuracy,81.9672131147541,73.77049180327869,77.04918032786885,77.04918032786885,77.04918032786885,75.43859649122807,77.19298245614034,71.9298245614035,73.68421052631578,75.43859649122807,81.03448275862068,79.3103448275862,75.86206896551724,75.86206896551724,79.3103448275862,87.09677419354838,87.09677419354838,82.25806451612904,83.87096774193549,80.64516129032258,80.95238095238095,82.53968253968253,74.60317460317461,77.77777777777779,82.53968253968253
