,Metric,"Transformer (seed 965681145, test 1)","Transformer (seed 965681145, test 2)","Transformer (seed 965681145, test 3)","Transformer (seed 965681145, test 4)","Transformer (seed 965681145, test 5)"
0,gmean,0.9249624617007738,0.8122328620674136,0.818665234364723,0.8679774841315765,0.7467423340585274
1,F1,0.9438202247191012,0.8602150537634408,0.8842105263157894,0.9010989010989012,0.8131868131868133
2,Accuracy,92.7536231884058,81.94444444444444,84.50704225352112,86.95652173913044,76.05633802816901
