,Metric,"Transformer (seed 369953070, test 1)","Transformer (seed 369953070, test 2)","Transformer (seed 369953070, test 3)","Transformer (seed 369953070, test 4)","Transformer (seed 369953070, test 5)"
0,gmean,0.5773502691896257,0.7905694150420949,0.8660254037844386,0.7071067811865476,0.9354143466934853
1,F1,0.5,0.7692307692307693,0.8333333333333333,0.7692307692307692,0.9333333333333333
2,Accuracy,55.55555555555556,70.0,84.61538461538461,72.72727272727273,90.0
