,Metric,"MLP (seed 369953070, test 1)","MLP (seed 369953070, test 2)","MLP (seed 369953070, test 3)","MLP (seed 369953070, test 4)","MLP (seed 369953070, test 5)"
0,gmean,0.7886388397182801,0.7473356931780204,0.7987620630283672,0.6108225156308645,0.8665957202135781
1,F1,0.8395061728395061,0.7954545454545454,0.8139534883720931,0.8367346938775511,0.8941176470588236
2,Accuracy,80.0,74.64788732394366,77.77777777777779,75.75757575757575,86.56716417910447
