,Metric,Random Forest (seed 305475974),Random Forest (seed 369953070),Random Forest (seed 879273778),Random Forest (seed 965681145),Random Forest (seed 992391276)
0,gmean,0.8944271909999159,0.8944271909999159,0.8857851797221404,0.8857851797221404,0.8857851797221404
1,F1,0.9904761904761905,0.9904761904761905,0.9807692307692307,0.9807692307692307,0.9807692307692307
2,Accuracy,98.24561403508771,98.24561403508771,96.49122807017544,96.49122807017544,96.49122807017544
