,Metric,"Transformer (seed 992391276, test 1)","Transformer (seed 992391276, test 2)","Transformer (seed 992391276, test 3)","Transformer (seed 992391276, test 4)","Transformer (seed 992391276, test 5)"
0,gmean,0.7905694150420949,0.6953208427626525,0.8688509427884128,0.8633970960424557,0.8081789115988818
1,F1,0.8450704225352113,0.7826086956521738,0.8749999999999999,0.9213483146067416,0.8285714285714285
2,Accuracy,81.03448275862068,72.72727272727273,86.20689655172413,89.0625,80.32786885245902
