,Metric,"Transformer (seed 879273778, fold 1)","Transformer (seed 879273778, fold 2)","Transformer (seed 879273778, fold 3)","Transformer (seed 879273778, fold 4)","Transformer (seed 879273778, fold 5)"
0,gmean,0.0,0.0,0.0,1.0,0.0
1,F1,0.6666666666666666,0.6666666666666666,0.6666666666666666,1.0,0.6666666666666666
2,Accuracy,50.0,50.0,50.0,100.0,50.0
