,Metric,"Bi-LSTM (seed 369953070, test 1)","Bi-LSTM (seed 369953070, test 2)","Bi-LSTM (seed 369953070, test 3)","Bi-LSTM (seed 369953070, test 4)","Bi-LSTM (seed 369953070, test 5)"
0,gmean,0.7453559924999299,0.8335033840102045,0.8755950357709131,0.6006471995101376,0.8586268547013695
1,F1,0.851063829787234,0.8865979381443299,0.92,0.787878787878788,0.8863636363636365
2,Accuracy,79.71014492753623,84.93150684931507,89.1891891891892,70.0,85.5072463768116
