,Metric,"RNN (seed 369953070, test 1)","RNN (seed 369953070, test 2)","RNN (seed 369953070, test 3)","RNN (seed 369953070, test 4)","RNN (seed 369953070, test 5)"
0,gmean,0.7921811790292441,0.724568837309472,0.6904105059069326,0.5405311397537409,0.7975302011640107
1,F1,0.8541666666666667,0.8316831683168315,0.8380952380952381,0.7850467289719626,0.8799999999999999
2,Accuracy,80.82191780821918,77.02702702702703,77.02702702702703,68.4931506849315,83.56164383561644
