,Metric,"RNN (seed 879273778, test 1)","RNN (seed 879273778, test 2)","RNN (seed 879273778, test 3)","RNN (seed 879273778, test 4)","RNN (seed 879273778, test 5)"
0,gmean,0.7745966692414834,0.7808184291849409,0.7416198487095662,0.7591802683177136,0.7293968086257969
1,F1,0.816326530612245,0.84375,0.7719298245614035,0.8437500000000001,0.8307692307692308
2,Accuracy,78.04878048780488,80.3921568627451,74.0,80.0,78.0
