,Metric,"Bi-LSTM (seed 305475974, test 1, fold 1)","Bi-LSTM (seed 305475974, test 1, fold 2)","Bi-LSTM (seed 305475974, test 1, fold 3)","Bi-LSTM (seed 305475974, test 1, fold 4)","Bi-LSTM (seed 305475974, test 1, fold 5)","Bi-LSTM (seed 305475974, test 2, fold 1)","Bi-LSTM (seed 305475974, test 2, fold 2)","Bi-LSTM (seed 305475974, test 2, fold 3)","Bi-LSTM (seed 305475974, test 2, fold 4)","Bi-LSTM (seed 305475974, test 2, fold 5)","Bi-LSTM (seed 305475974, test 3, fold 1)","Bi-LSTM (seed 305475974, test 3, fold 2)","Bi-LSTM (seed 305475974, test 3, fold 3)","Bi-LSTM (seed 305475974, test 3, fold 4)","Bi-LSTM (seed 305475974, test 3, fold 5)","Bi-LSTM (seed 305475974, test 4, fold 1)","Bi-LSTM (seed 305475974, test 4, fold 2)","Bi-LSTM (seed 305475974, test 4, fold 3)","Bi-LSTM (seed 305475974, test 4, fold 4)","Bi-LSTM (seed 305475974, test 4, fold 5)","Bi-LSTM (seed 305475974, test 5, fold 1)","Bi-LSTM (seed 305475974, test 5, fold 2)","Bi-LSTM (seed 305475974, test 5, fold 3)","Bi-LSTM (seed 305475974, test 5, fold 4)","Bi-LSTM (seed 305475974, test 5, fold 5)"
0,gmean,0.7922787563134757,0.6983799021553296,0.6688276663913114,0.7116835718867667,0.7247430753394787,0.6602924800189308,0.6834676493307206,0.7347056468703997,0.7034271025353763,0.7168269180561141,0.8029550685469662,0.8009040943964844,0.7456011350793258,0.7299963950884314,0.7737468646310082,0.8230548917531015,0.8230548917531015,0.7491931143441223,0.8032193289024988,0.7524154651906515,0.7772815877574012,0.8045628804334864,0.7216878364870322,0.7007648882267351,0.8045628804334864
1,F1,0.8529411764705883,0.7761194029850745,0.8266666666666667,0.7941176470588236,0.8115942028985507,0.7999999999999999,0.8333333333333333,0.7741935483870968,0.787878787878788,0.8059701492537314,0.8615384615384615,0.8387096774193549,0.8125,0.8181818181818182,0.8253968253968254,0.8955223880597015,0.8955223880597015,0.8529411764705881,0.8333333333333334,0.8307692307692308,0.8529411764705882,0.8656716417910447,0.78125,0.8333333333333334,0.8656716417910447
2,Accuracy,81.48148148148148,72.22222222222221,75.92592592592592,74.07407407407408,75.92592592592592,72.54901960784314,76.47058823529412,72.54901960784314,72.54901960784314,74.50980392156863,82.35294117647058,80.3921568627451,76.47058823529412,76.47058823529412,78.43137254901961,86.27450980392157,86.27450980392157,80.3921568627451,80.3921568627451,78.43137254901961,81.13207547169812,83.01886792452831,73.58490566037736,77.35849056603774,83.01886792452831
