,Metric,Bi-LSTM (seed 305475974),Bi-LSTM (seed 369953070),Bi-LSTM (seed 879273778),Bi-LSTM (seed 965681145),Bi-LSTM (seed 992391276)
0,gmean,0.79921193774228,0.7897862851668316,0.8037658887763253,0.822112178659979,0.7761495488423278
1,F1,0.8578431372549019,0.8571428571428571,0.8634146341463415,0.8753056234718826,0.8439024390243902
2,Accuracy,81.875,81.5625,82.5,84.0625,80.0
