,Metric,"MLP (seed 965681145, test 1)","MLP (seed 965681145, test 2)","MLP (seed 965681145, test 3)","MLP (seed 965681145, test 4)","MLP (seed 965681145, test 5)"
0,gmean,0.8477912478906585,0.7053006306475536,0.6324555320336759,0.7385489458759964,0.7144345083117604
1,F1,0.8470588235294119,0.8571428571428571,0.8571428571428571,0.7999999999999999,0.8400000000000001
2,Accuracy,81.94444444444444,79.45205479452055,78.37837837837837,74.28571428571429,77.77777777777779
