,Metric,"Transformer (seed 992391276, test 1)","Transformer (seed 992391276, test 2)","Transformer (seed 992391276, test 3)","Transformer (seed 992391276, test 4)","Transformer (seed 992391276, test 5)"
0,gmean,0.7886388397182801,0.67700320038633,0.88460178905723,0.8470728820665123,0.8117356273332904
1,F1,0.8571428571428572,0.7951807228915662,0.8974358974358975,0.9069767441860465,0.8395061728395061
2,Accuracy,81.53846153846153,73.01587301587301,87.6923076923077,87.5,80.59701492537313
