,Metric,"Bi-LSTM (seed 992391276, test 1, fold 1)","Bi-LSTM (seed 992391276, test 1, fold 2)","Bi-LSTM (seed 992391276, test 1, fold 3)","Bi-LSTM (seed 992391276, test 1, fold 4)","Bi-LSTM (seed 992391276, test 1, fold 5)","Bi-LSTM (seed 992391276, test 2, fold 1)","Bi-LSTM (seed 992391276, test 2, fold 2)","Bi-LSTM (seed 992391276, test 2, fold 3)","Bi-LSTM (seed 992391276, test 2, fold 4)","Bi-LSTM (seed 992391276, test 2, fold 5)","Bi-LSTM (seed 992391276, test 3, fold 1)","Bi-LSTM (seed 992391276, test 3, fold 2)","Bi-LSTM (seed 992391276, test 3, fold 3)","Bi-LSTM (seed 992391276, test 3, fold 4)","Bi-LSTM (seed 992391276, test 3, fold 5)","Bi-LSTM (seed 992391276, test 4, fold 1)","Bi-LSTM (seed 992391276, test 4, fold 2)","Bi-LSTM (seed 992391276, test 4, fold 3)","Bi-LSTM (seed 992391276, test 4, fold 4)","Bi-LSTM (seed 992391276, test 4, fold 5)","Bi-LSTM (seed 992391276, test 5, fold 1)","Bi-LSTM (seed 992391276, test 5, fold 2)","Bi-LSTM (seed 992391276, test 5, fold 3)","Bi-LSTM (seed 992391276, test 5, fold 4)","Bi-LSTM (seed 992391276, test 5, fold 5)"
0,gmean,0.3484660262185848,0.6831300510639733,0.823754471047914,0.8150372471769093,0.8150372471769093,0.5625,0.5818433351570392,0.5590169943749475,0.5994789404140899,0.570544330734548,0.7947194142390263,0.8922178162191939,0.8251794063302713,0.82915619758885,0.8245147429873578,0.8121695945534558,0.7597150906935337,0.6702686344170509,0.741406012427921,0.786379828500391,0.8050764858994133,0.8057949835755716,0.7637626158259734,0.7809953288616416,0.7569125885243729
1,F1,0.7555555555555554,0.7671232876712328,0.8571428571428571,0.8611111111111112,0.8611111111111112,0.7297297297297298,0.7222222222222223,0.6857142857142857,0.6865671641791045,0.7042253521126761,0.8421052631578947,0.904109589041096,0.8181818181818182,0.868421052631579,0.8493150684931505,0.8863636363636364,0.8666666666666666,0.684931506849315,0.8695652173913043,0.8764044943820224,0.823529411764706,0.8684210526315789,0.7999999999999999,0.8378378378378377,0.8461538461538461
2,Accuracy,62.71186440677966,71.1864406779661,83.05084745762711,83.05084745762711,83.05084745762711,64.28571428571429,64.28571428571429,60.71428571428571,62.5,62.5,80.64516129032258,88.70967741935483,80.64516129032258,83.87096774193549,82.25806451612904,84.61538461538461,81.53846153846153,64.61538461538461,81.53846153846153,83.07692307692308,80.0,83.33333333333334,76.66666666666667,80.0,80.0
