,Metric,"Transformer (seed 369953070, test 1)","Transformer (seed 369953070, test 2)","Transformer (seed 369953070, test 3)","Transformer (seed 369953070, test 4)","Transformer (seed 369953070, test 5)"
0,gmean,0.8215838362577492,0.8518273041512352,0.8017837257372731,0.6531133069953353,0.8275159265510557
1,F1,0.8307692307692307,0.8717948717948718,0.8571428571428571,0.8048780487804879,0.875
2,Accuracy,81.35593220338984,84.61538461538461,81.81818181818183,73.33333333333333,84.12698412698413
