,Metric,"Bi-LSTM (seed 369953070, test 1)","Bi-LSTM (seed 369953070, test 2)","Bi-LSTM (seed 369953070, test 3)","Bi-LSTM (seed 369953070, test 4)","Bi-LSTM (seed 369953070, test 5)"
0,gmean,0.7473356931780204,0.8297022339981068,0.8748177652797064,0.5913682829884975,0.8586268547013695
1,F1,0.8571428571428571,0.8791208791208792,0.9183673469387755,0.7708333333333333,0.8863636363636365
2,Accuracy,80.28169014084507,84.28571428571429,89.04109589041096,68.11594202898551,85.5072463768116
