,Metric,"Bi-LSTM (seed 369953070, test 1)","Bi-LSTM (seed 369953070, test 2)","Bi-LSTM (seed 369953070, test 3)","Bi-LSTM (seed 369953070, test 4)","Bi-LSTM (seed 369953070, test 5)"
0,gmean,0.816496580927726,0.9045340337332909,0.8660254037844386,0.8366600265340756,0.9428090415820634
1,F1,0.8,0.9,0.8571428571428571,0.875,0.9411764705882353
2,Accuracy,77.77777777777779,84.61538461538461,85.71428571428571,84.61538461538461,90.9090909090909
