,Metric,Random Forest (seed 305475974),Random Forest (seed 369953070),Random Forest (seed 879273778),Random Forest (seed 965681145),Random Forest (seed 992391276)
0,gmean,0.7783466963948344,0.7637968770728288,0.7696053020008552,0.7546600870513133,0.7539410205830704
1,F1,0.8238993710691824,0.8161993769470406,0.8235294117647058,0.8159509202453988,0.8111455108359135
2,Accuracy,79.1044776119403,77.98507462686567,78.73134328358209,77.61194029850746,77.23880597014924
