,Metric,Random Forest (seed 305475974),Random Forest (seed 369953070),Random Forest (seed 879273778),Random Forest (seed 965681145),Random Forest (seed 992391276)
0,gmean,0.8944271909999159,0.8944271909999159,0.8856148855400953,0.8900319447891172,0.8900319447891172
1,F1,0.9951219512195122,0.9951219512195122,0.9852216748768472,0.9901960784313726,0.9901960784313726
2,Accuracy,99.06542056074767,99.06542056074767,97.19626168224299,98.13084112149532,98.13084112149532
