,Metric,"LSTM (seed 369953070, test 1)","LSTM (seed 369953070, test 2)","LSTM (seed 369953070, test 3)","LSTM (seed 369953070, test 4)","LSTM (seed 369953070, test 5)"
0,gmean,0.7852812659593165,0.8275159265510557,0.8832563863180561,0.5871290291702582,0.8780743093574843
1,F1,0.8705882352941177,0.8936170212765957,0.9263157894736843,0.7956989247311828,0.8941176470588236
2,Accuracy,82.8125,85.71428571428571,90.14084507042254,70.76923076923077,86.76470588235294
