,Metric,"LSTM (seed 879273778, test 1)","LSTM (seed 879273778, test 2)","LSTM (seed 879273778, test 3)","LSTM (seed 879273778, test 4)","LSTM (seed 879273778, test 5)"
0,gmean,0.8514302388578445,0.6904105059069326,0.778705964227451,0.7992898356345547,0.8510527481548038
1,F1,0.8958333333333333,0.8380952380952381,0.8181818181818182,0.8910891089108911,0.9052631578947369
2,Accuracy,86.11111111111111,77.02702702702703,77.46478873239437,84.72222222222221,87.32394366197182
