,Metric,"Transformer (seed 305475974, test 1)","Transformer (seed 305475974, test 2)","Transformer (seed 305475974, test 3)","Transformer (seed 305475974, test 4)","Transformer (seed 305475974, test 5)"
0,gmean,0.7916354316676737,0.7153911599848797,0.8722783759886469,0.7514554642061728,0.7758909001678076
1,F1,0.8,0.7307692307692308,0.875,0.76,0.7843137254901961
2,Accuracy,78.84615384615384,71.42857142857143,87.2340425531915,75.0,77.55102040816327
