,Metric,"Bi-LSTM (seed 879273778, test 1)","Bi-LSTM (seed 879273778, test 2)","Bi-LSTM (seed 879273778, test 3)","Bi-LSTM (seed 879273778, test 4)","Bi-LSTM (seed 879273778, test 5)"
0,gmean,0.8094487507439182,0.754615428178118,0.7911820221972071,0.8206277790148352,0.8352690695845568
1,F1,0.8571428571428572,0.8631578947368421,0.8292682926829267,0.891304347826087,0.898876404494382
2,Accuracy,81.81818181818183,81.15942028985508,79.1044776119403,85.29411764705883,86.56716417910447
