,Metric,"RNN (seed 992391276, test 1)","RNN (seed 992391276, test 2)","RNN (seed 992391276, test 3)","RNN (seed 992391276, test 4)","RNN (seed 992391276, test 5)"
0,gmean,0.7071067811865476,0.5888541636145506,0.75,0.6570738404061082,0.6150665641269067
1,F1,0.7142857142857143,0.6666666666666666,0.75,0.7555555555555556,0.6341463414634146
2,Accuracy,70.73170731707317,61.111111111111114,75.0,69.44444444444444,61.53846153846154
