,Metric,"Bi-LSTM (seed 879273778, test 1)","Bi-LSTM (seed 879273778, test 2)","Bi-LSTM (seed 879273778, test 3)","Bi-LSTM (seed 879273778, test 4)","Bi-LSTM (seed 879273778, test 5)"
0,gmean,0.7941547822570977,0.7576144084141581,0.7811805524688614,0.8231258906656125,0.8373093553291634
1,F1,0.8505747126436781,0.8737864077669903,0.8222222222222222,0.8979591836734694,0.9052631578947369
2,Accuracy,80.88235294117648,82.1917808219178,77.77777777777779,85.91549295774648,87.14285714285714
