,Metric,"RNN (seed 305475974, test 1)","RNN (seed 305475974, test 2)","RNN (seed 305475974, test 3)","RNN (seed 305475974, test 4)","RNN (seed 305475974, test 5)"
0,gmean,0.8017837257372731,0.7322785563281031,0.7989354619369612,0.6315748787422248,0.8042009266562571
1,F1,0.8659793814432989,0.8131868131868132,0.8602150537634409,0.8269230769230769,0.8842105263157894
2,Accuracy,82.1917808219178,75.71428571428571,81.69014084507043,74.64788732394366,84.28571428571429
