,Metric,"Bi-LSTM (seed 305475974, test 1)","Bi-LSTM (seed 305475974, test 2)","Bi-LSTM (seed 305475974, test 3)","Bi-LSTM (seed 305475974, test 4)","Bi-LSTM (seed 305475974, test 5)","Bi-LSTM (seed 369953070, test 1)","Bi-LSTM (seed 369953070, test 2)","Bi-LSTM (seed 369953070, test 3)","Bi-LSTM (seed 369953070, test 4)","Bi-LSTM (seed 369953070, test 5)","Bi-LSTM (seed 879273778, test 1)","Bi-LSTM (seed 879273778, test 2)","Bi-LSTM (seed 879273778, test 3)","Bi-LSTM (seed 879273778, test 4)","Bi-LSTM (seed 879273778, test 5)","Bi-LSTM (seed 965681145, test 1)","Bi-LSTM (seed 965681145, test 2)","Bi-LSTM (seed 965681145, test 3)","Bi-LSTM (seed 965681145, test 4)","Bi-LSTM (seed 965681145, test 5)","Bi-LSTM (seed 992391276, test 1)","Bi-LSTM (seed 992391276, test 2)","Bi-LSTM (seed 992391276, test 3)","Bi-LSTM (seed 992391276, test 4)","Bi-LSTM (seed 992391276, test 5)"
0,gmean,0.7899417298180521,0.8081614937622307,0.8122328620674136,0.7190587281616534,0.8452401400246814,0.7478038020201485,0.8351171384426468,0.8722783759886469,0.6132113845283359,0.8512565307587486,0.7965849553370502,0.753778361444409,0.798245026261498,0.8187637725668786,0.8329165624478841,0.7984359711335657,0.8253493505101926,0.8191780219091253,0.8716308047219647,0.8017837257372731,0.7644442425710327,0.6132441406718666,0.88460178905723,0.8250672280098942,0.767559305084438
1,F1,0.8604651162790699,0.8461538461538461,0.8536585365853658,0.8333333333333334,0.8915662650602411,0.8395061728395061,0.8809523809523809,0.9130434782608695,0.7804878048780488,0.875,0.8333333333333334,0.8602150537634408,0.8354430379746836,0.8863636363636364,0.891566265060241,0.8674698795180723,0.8705882352941177,0.8717948717948718,0.9176470588235294,0.8571428571428571,0.825,0.7619047619047619,0.8974358974358975,0.8809523809523809,0.853932584269663
2,Accuracy,81.81818181818183,81.25,81.81818181818183,77.41935483870968,86.15384615384616,79.03225806451613,84.84848484848484,88.57142857142857,70.0,84.61538461538461,80.0,80.88235294117648,80.0,84.84848484848484,85.9375,82.8125,83.5820895522388,83.87096774193549,89.0625,81.81818181818183,78.125,68.25396825396825,87.6923076923077,84.375,80.59701492537313
