,Metric,"Transformer (seed 992391276, test 1)","Transformer (seed 992391276, test 2)","Transformer (seed 992391276, test 3)","Transformer (seed 992391276, test 4)","Transformer (seed 992391276, test 5)"
0,gmean,0.7965855955960484,0.6884463184107628,0.8848650242331375,0.8492420863405918,0.816496580927726
1,F1,0.8775510204081632,0.8316831683168316,0.9010989010989011,0.9130434782608695,0.8470588235294118
2,Accuracy,83.33333333333334,76.38888888888889,87.5,88.05970149253731,81.15942028985508
