,Metric,"LSTM (seed 992391276, test 1)","LSTM (seed 992391276, test 2)","LSTM (seed 992391276, test 3)","LSTM (seed 992391276, test 4)","LSTM (seed 992391276, test 5)"
0,gmean,0.7601650328665365,0.6666666666666666,0.904482963296882,0.8828245337709741,0.7623624998624874
1,F1,0.8157894736842104,0.7999999999999999,0.9090909090909091,0.9135802469135802,0.8395061728395062
2,Accuracy,77.41935483870968,73.33333333333333,89.23076923076924,88.88888888888889,79.36507936507937
