,Metric,LSTM (seed 305475974),LSTM (seed 369953070),LSTM (seed 879273778),LSTM (seed 965681145),LSTM (seed 992391276)
0,gmean,0.812960180647951,0.7870987266581516,0.7637967542823911,0.8004027459314581,0.7729589781983723
1,F1,0.8561151079136691,0.8450704225352113,0.8158844765342961,0.8447653429602888,0.8231046931407943
2,Accuracy,82.6086956521739,80.8695652173913,77.82608695652173,81.30434782608695,78.69565217391305
