,Metric,"LSTM (seed 879273778, test 1)","LSTM (seed 879273778, test 2)","LSTM (seed 879273778, test 3)","LSTM (seed 879273778, test 4)","LSTM (seed 879273778, test 5)"
0,gmean,0.8560270843530627,0.6657190234489458,0.7740149217548065,0.7933288280219176,0.8257228238447705
1,F1,0.875,0.7605633802816901,0.8000000000000002,0.878048780487805,0.8695652173913043
2,Accuracy,85.45454545454545,70.17543859649122,77.04918032786885,83.60655737704919,83.92857142857143
