,Metric,"MLP (seed 879273778, test 1)","MLP (seed 879273778, test 2)","MLP (seed 879273778, test 3)","MLP (seed 879273778, test 4)","MLP (seed 879273778, test 5)"
0,gmean,0.6475761258027333,0.8227533512074423,0.7240121189504336,0.8374357893586238,0.7340132902094358
1,F1,0.7999999999999999,0.868421052631579,0.7936507936507936,0.8571428571428572,0.8571428571428571
2,Accuracy,72.3404255319149,83.05084745762711,74.50980392156863,83.33333333333334,80.35714285714286
