,Metric,"Bi-LSTM (seed 305475974, test 1)","Bi-LSTM (seed 305475974, test 2)","Bi-LSTM (seed 305475974, test 3)","Bi-LSTM (seed 305475974, test 4)","Bi-LSTM (seed 305475974, test 5)","Bi-LSTM (seed 369953070, test 1)","Bi-LSTM (seed 369953070, test 2)","Bi-LSTM (seed 369953070, test 3)","Bi-LSTM (seed 369953070, test 4)","Bi-LSTM (seed 369953070, test 5)","Bi-LSTM (seed 879273778, test 1)","Bi-LSTM (seed 879273778, test 2)","Bi-LSTM (seed 879273778, test 3)","Bi-LSTM (seed 879273778, test 4)","Bi-LSTM (seed 879273778, test 5)","Bi-LSTM (seed 965681145, test 1)","Bi-LSTM (seed 965681145, test 2)","Bi-LSTM (seed 965681145, test 3)","Bi-LSTM (seed 965681145, test 4)","Bi-LSTM (seed 965681145, test 5)","Bi-LSTM (seed 992391276, test 1)","Bi-LSTM (seed 992391276, test 2)","Bi-LSTM (seed 992391276, test 3)","Bi-LSTM (seed 992391276, test 4)","Bi-LSTM (seed 992391276, test 5)"
0,gmean,0.7923641265800144,0.8102493844740953,0.8176298175326769,0.7190587281616534,0.8364283610093426,0.7478038020201485,0.838870492807861,0.8731616960894073,0.6079187588743288,0.8532339005095652,0.8035248433701621,0.754615428178118,0.7886848607167565,0.8206277790148352,0.8337397382993762,0.8015247098281602,0.8253493505101926,0.8115026712006891,0.872410090353458,0.8033360674146919,0.7550642033757873,0.6132441406718666,0.8881214387247279,0.8287754140107481,0.769800358919501
1,F1,0.8666666666666666,0.8500000000000001,0.8636363636363636,0.8333333333333334,0.8837209302325582,0.8395061728395061,0.8888888888888888,0.9148936170212766,0.7816091954022989,0.878048780487805,0.8461538461538461,0.8631578947368421,0.825,0.891304347826087,0.8941176470588236,0.8764044943820224,0.8705882352941177,0.8674698795180722,0.9195402298850575,0.8604651162790697,0.8148148148148149,0.7619047619047619,0.9024390243902439,0.8888888888888888,0.8602150537634408
2,Accuracy,82.35294117647058,81.53846153846153,82.6086956521739,77.41935483870968,85.07462686567165,79.03225806451613,85.5072463768116,88.73239436619718,69.84126984126983,84.84848484848484,80.95238095238095,81.15942028985508,78.78787878787878,85.29411764705883,86.15384615384616,83.5820895522388,83.5820895522388,83.07692307692308,89.23076923076924,82.08955223880598,76.92307692307693,68.25396825396825,88.05970149253731,85.07462686567165,81.15942028985508
