,Metric,"MLP (seed 369953070, test 1)","MLP (seed 369953070, test 2)","MLP (seed 369953070, test 3)","MLP (seed 369953070, test 4)","MLP (seed 369953070, test 5)"
0,gmean,0.7098961678794726,0.7153360648106099,0.762251709072659,0.615029161556765,0.8495907904857464
1,F1,0.6976744186046512,0.7500000000000001,0.75,0.7945205479452055,0.8767123287671234
2,Accuracy,71.11111111111111,70.96774193548387,75.0,71.69811320754717,84.7457627118644
