,Metric,"Bi-LSTM (seed 305475974, test 1)","Bi-LSTM (seed 305475974, test 2)","Bi-LSTM (seed 305475974, test 3)","Bi-LSTM (seed 305475974, test 4)","Bi-LSTM (seed 305475974, test 5)","Bi-LSTM (seed 369953070, test 1)","Bi-LSTM (seed 369953070, test 2)","Bi-LSTM (seed 369953070, test 3)","Bi-LSTM (seed 369953070, test 4)","Bi-LSTM (seed 369953070, test 5)","Bi-LSTM (seed 879273778, test 1)","Bi-LSTM (seed 879273778, test 2)","Bi-LSTM (seed 879273778, test 3)","Bi-LSTM (seed 879273778, test 4)","Bi-LSTM (seed 879273778, test 5)","Bi-LSTM (seed 965681145, test 1)","Bi-LSTM (seed 965681145, test 2)","Bi-LSTM (seed 965681145, test 3)","Bi-LSTM (seed 965681145, test 4)","Bi-LSTM (seed 965681145, test 5)","Bi-LSTM (seed 992391276, test 1)","Bi-LSTM (seed 992391276, test 2)","Bi-LSTM (seed 992391276, test 3)","Bi-LSTM (seed 992391276, test 4)","Bi-LSTM (seed 992391276, test 5)"
0,gmean,0.7756578649019513,0.8118441408859888,0.858359049884947,0.7133290852323237,0.838870492807861,0.7223151185146152,0.8530787016574333,0.8606629658238704,0.6104676956673597,0.8661930270132966,0.8118441408859888,0.753778361444409,0.7905694150420949,0.8078865345335647,0.816496580927726,0.7934920476158722,0.8256591082056584,0.8040302522073697,0.8660254037844386,0.8066707527543578,0.7637626158259734,0.5984368987312575,0.8688509427884128,0.8420753583206845,0.7710996009560597
1,F1,0.8421052631578947,0.8405797101449276,0.8918918918918919,0.8157894736842106,0.8767123287671232,0.7868852459016394,0.8915662650602411,0.8888888888888888,0.7692307692307693,0.883116883116883,0.8405797101449276,0.8333333333333333,0.8219178082191781,0.875,0.8799999999999999,0.8533333333333333,0.8611111111111112,0.8648648648648649,0.9041095890410958,0.8533333333333334,0.8115942028985507,0.732394366197183,0.8749999999999999,0.896551724137931,0.8461538461538461
2,Accuracy,80.0,81.03448275862068,86.66666666666667,75.86206896551724,85.0,74.50980392156863,86.15384615384616,86.66666666666667,68.96551724137932,85.48387096774194,81.03448275862068,78.94736842105263,79.03225806451613,83.60655737704919,84.48275862068965,81.66666666666667,83.33333333333334,82.75862068965517,87.93103448275862,81.66666666666667,77.58620689655173,65.45454545454545,86.20689655172413,85.9375,80.32786885245902
