,Metric,"LSTM (seed 879273778, test 1)","LSTM (seed 879273778, test 2)","LSTM (seed 879273778, test 3)","LSTM (seed 879273778, test 4)","LSTM (seed 879273778, test 5)"
0,gmean,0.8268688657895648,0.6894491540747741,0.770551750371122,0.7985494095046904,0.8501917942185291
1,F1,0.8735632183908046,0.8349514563106796,0.8089887640449439,0.888888888888889,0.9032258064516129
2,Accuracy,83.82352941176471,76.71232876712328,76.38888888888889,84.50704225352112,87.14285714285714
