,Metric,LSTM (seed 305475974),LSTM (seed 369953070),LSTM (seed 879273778),LSTM (seed 965681145),LSTM (seed 992391276)
0,gmean,0.8092993862283938,0.7858827909911997,0.7748290366291137,0.8083411046916724,0.7826629262496164
1,F1,0.8762376237623762,0.8710462287104623,0.8571428571428572,0.8796068796068797,0.8620689655172413
2,Accuracy,83.38870431893687,82.39202657807309,80.73089700996677,83.72093023255815,81.3953488372093
