,Metric,Bi-LSTM (seed 305475974),Bi-LSTM (seed 369953070),Bi-LSTM (seed 879273778),Bi-LSTM (seed 965681145),Bi-LSTM (seed 992391276)
0,gmean,0.8,0.85,0.9,0.85,0.8100925873009825
1,F1,0.8421052631578948,0.8831168831168831,0.9230769230769231,0.8831168831168831,0.875
2,Accuracy,80.0,85.0,90.0,85.0,83.33333333333334
