,Metric,"MLP (seed 369953070, test 1)","MLP (seed 369953070, test 2)","MLP (seed 369953070, test 3)","MLP (seed 369953070, test 4)","MLP (seed 369953070, test 5)"
0,gmean,0.7905694150420949,0.75,0.7987620630283672,0.6114842953651883,0.8695652173913043
1,F1,0.8433734939759037,0.7999999999999999,0.8139534883720931,0.8431372549019609,0.898876404494382
2,Accuracy,80.3030303030303,75.0,77.77777777777779,76.47058823529412,86.95652173913044
