,Metric,LSTM (seed 305475974),LSTM (seed 369953070),LSTM (seed 879273778),LSTM (seed 965681145),LSTM (seed 992391276)
0,gmean,0.8602325267042628,0.8831760866327847,0.8831760866327847,0.8831760866327847,0.8717797887081347
1,F1,0.9487179487179489,0.975,0.975,0.975,0.9620253164556962
2,Accuracy,91.11111111111111,95.55555555555556,95.55555555555556,95.55555555555556,93.33333333333333
