,Metric,"Bi-LSTM (seed 965681145, test 1)","Bi-LSTM (seed 965681145, test 2)","Bi-LSTM (seed 965681145, test 3)","Bi-LSTM (seed 965681145, test 4)","Bi-LSTM (seed 965681145, test 5)"
0,gmean,0.7972977867044162,0.823754471047914,0.8191780219091253,0.8716308047219647,0.8001524245036219
1,F1,0.8641975308641975,0.8674698795180722,0.8717948717948718,0.9176470588235294,0.8536585365853658
2,Accuracy,82.53968253968253,83.33333333333334,83.87096774193549,89.0625,81.53846153846153
