,Metric,"RNN (seed 965681145, test 1)","RNN (seed 965681145, test 2)","RNN (seed 965681145, test 3)","RNN (seed 965681145, test 4)","RNN (seed 965681145, test 5)"
0,gmean,0.7541551564499178,0.7521014330903549,0.7189696052220029,0.7269996757416942,0.7267220926874317
1,F1,0.8358208955223881,0.823529411764706,0.819672131147541,0.8421052631578947,0.8
2,Accuracy,78.84615384615384,77.77777777777779,76.59574468085107,78.18181818181819,75.0
