,Metric,"Bi-LSTM (seed 305475974, test 1)","Bi-LSTM (seed 305475974, test 2)","Bi-LSTM (seed 305475974, test 3)","Bi-LSTM (seed 305475974, test 4)","Bi-LSTM (seed 305475974, test 5)"
0,gmean,0.7872684844871327,0.7985809173036139,0.8322910148099241,0.7133290852323237,0.8416254115301731
1,F1,0.8536585365853658,0.8285714285714286,0.875,0.8157894736842106,0.8831168831168831
2,Accuracy,81.25,80.0,84.375,75.86206896551724,85.48387096774194
