,Metric,"Bi-LSTM (seed 369953070, test 1)","Bi-LSTM (seed 369953070, test 2)","Bi-LSTM (seed 369953070, test 3)","Bi-LSTM (seed 369953070, test 4)","Bi-LSTM (seed 369953070, test 5)"
0,gmean,0.6932165600190666,0.8372110045500223,0.8461335763255748,0.5897678246195885,0.8407408864181866
1,F1,0.6976744186046512,0.8615384615384615,0.8666666666666667,0.689655172413793,0.847457627118644
2,Accuracy,69.04761904761905,83.92857142857143,84.90566037735849,62.5,83.01886792452831
