,Metric,"MLP (seed 879273778, test 1)","MLP (seed 879273778, test 2)","MLP (seed 879273778, test 3)","MLP (seed 879273778, test 4)","MLP (seed 879273778, test 5)"
0,gmean,0.6615040875036308,0.7958224257542215,0.7040784727049221,0.8285522649991612,0.7669649888473704
1,F1,0.7647058823529411,0.823529411764706,0.7631578947368421,0.8450704225352113,0.8533333333333334
2,Accuracy,70.37037037037037,79.66101694915254,71.42857142857143,81.9672131147541,81.03448275862068
