,Metric,"MLP (seed 992391276, test 1)","MLP (seed 992391276, test 2)","MLP (seed 992391276, test 3)","MLP (seed 992391276, test 4)","MLP (seed 992391276, test 5)"
0,gmean,0.6382847385042254,0.6686245759238975,0.6724387801454332,0.7337993857053428,0.7190318509781667
1,F1,0.7457627118644067,0.7450980392156863,0.65,0.8076923076923077,0.7755102040816326
2,Accuracy,68.08510638297872,69.04761904761905,67.44186046511628,75.60975609756098,73.80952380952381
