,Metric,"LSTM (seed 305475974, test 1)","LSTM (seed 305475974, test 2)","LSTM (seed 305475974, test 3)","LSTM (seed 305475974, test 4)","LSTM (seed 305475974, test 5)"
0,gmean,0.828078671210825,0.7514691493021795,0.8181477384906107,0.8064778385455118,0.8302664654363188
1,F1,0.888888888888889,0.8311688311688312,0.8493150684931507,0.9090909090909092,0.8941176470588236
2,Accuracy,85.24590163934425,77.19298245614034,81.03448275862068,87.09677419354838,85.71428571428571
