,Metric,Bi-LSTM (seed 305475974),Bi-LSTM (seed 369953070),Bi-LSTM (seed 879273778),Bi-LSTM (seed 965681145),Bi-LSTM (seed 992391276)
0,gmean,0.7977443669077805,0.7862557074301895,0.8001728180865924,0.8187695561535331,0.772030005933995
1,F1,0.8519480519480519,0.8483290488431877,0.854922279792746,0.8675324675324675,0.8341968911917099
2,Accuracy,81.4935064935065,80.84415584415584,81.81818181818183,83.44155844155844,79.22077922077922
