,Metric,LSTM (seed 305475974),LSTM (seed 369953070),LSTM (seed 879273778),LSTM (seed 965681145),LSTM (seed 992391276)
0,gmean,0.8636816230220173,0.8822575465125693,0.86991767240168,0.8761093353957413,0.86991767240168
1,F1,0.9583333333333333,0.979591836734694,0.9655172413793103,0.9726027397260274,0.9655172413793103
2,Accuracy,92.40506329113924,96.20253164556962,93.67088607594937,94.9367088607595,93.67088607594937
