,Metric,"MLP (seed 305475974, test 1)","MLP (seed 305475974, test 2)","MLP (seed 305475974, test 3)","MLP (seed 305475974, test 4)","MLP (seed 305475974, test 5)"
0,gmean,0.7559289460184544,0.8451542547285166,0.4472135954999579,0.0,0.7745966692414834
1,F1,0.8571428571428571,0.8333333333333333,0.7777777777777778,0.6250000000000001,0.7499999999999999
2,Accuracy,80.0,83.33333333333334,66.66666666666666,45.45454545454545,75.0
