,Metric,LSTM (seed 305475974),LSTM (seed 369953070),LSTM (seed 879273778),LSTM (seed 965681145),LSTM (seed 992391276)
0,gmean,0.8579044235810888,0.8854377448471462,0.8854377448471462,0.8854377448471462,0.867179335547152
1,F1,0.9484536082474226,0.98,0.98,0.98,0.9591836734693877
2,Accuracy,90.9090909090909,96.36363636363636,96.36363636363636,96.36363636363636,92.72727272727272
