,Metric,LSTM (seed 305475974),LSTM (seed 369953070),LSTM (seed 879273778),LSTM (seed 965681145),LSTM (seed 992391276)
0,gmean,0.769198717280955,0.779957263786506,0.7905694150420949,0.7958224257542215,0.7852812659593165
1,F1,0.9281045751633986,0.9419354838709678,0.9554140127388535,0.9620253164556962,0.9487179487179489
2,Accuracy,87.20930232558139,89.53488372093024,91.86046511627907,93.02325581395348,90.69767441860465
