,Metric,"Transformer (seed 305475974, test 1)","Transformer (seed 305475974, test 2)","Transformer (seed 305475974, test 3)","Transformer (seed 305475974, test 4)","Transformer (seed 305475974, test 5)"
0,gmean,0.80994458463467,0.7385489458759964,0.8741643854899518,0.7889706886030352,0.7859052479933758
1,F1,0.8307692307692308,0.7741935483870969,0.8923076923076922,0.8285714285714286,0.8235294117647058
2,Accuracy,80.7017543859649,74.07407407407408,87.5,79.3103448275862,79.3103448275862
