,Metric,"RNN (seed 965681145, test 1)","RNN (seed 965681145, test 2)","RNN (seed 965681145, test 3)","RNN (seed 965681145, test 4)","RNN (seed 965681145, test 5)"
0,gmean,0.7637626158259733,0.7627878067295243,0.7247430753394787,0.7200822998230956,0.6546536707079772
1,F1,0.7924528301886793,0.793103448275862,0.7999999999999999,0.7719298245614035,0.6923076923076923
2,Accuracy,77.08333333333334,76.92307692307693,75.51020408163265,73.46938775510205,65.95744680851064
