,Metric,"MLP (seed 992391276, test 1)","MLP (seed 992391276, test 2)","MLP (seed 992391276, test 3)","MLP (seed 992391276, test 4)","MLP (seed 992391276, test 5)"
0,gmean,0.6496752435470525,0.6716604942594675,0.7777390621413379,0.7115821852387864,0.7270291799999699
1,F1,0.8297872340425532,0.8275862068965518,0.8157894736842105,0.8169014084507044,0.8604651162790697
2,Accuracy,75.38461538461539,75.40983606557377,77.04918032786885,75.47169811320755,80.32786885245902
