,Metric,"RNN (seed 992391276, test 1)","RNN (seed 992391276, test 2)","RNN (seed 992391276, test 3)","RNN (seed 992391276, test 4)","RNN (seed 992391276, test 5)"
0,gmean,0.7750157099371281,0.6371930928643098,0.8001524245036219,0.7014723744122017,0.6473388749701497
1,F1,0.8505747126436781,0.8181818181818182,0.8641975308641976,0.8378378378378378,0.7804878048780488
2,Accuracy,80.0,73.77049180327869,81.9672131147541,77.35849056603774,70.49180327868852
