,Metric,"LSTM (seed 369953070, test 1)","LSTM (seed 369953070, test 2)","LSTM (seed 369953070, test 3)","LSTM (seed 369953070, test 4)","LSTM (seed 369953070, test 5)"
0,gmean,0.7442084075352507,0.832250378576479,0.8708233651742088,0.5453307445166031,0.8132202844993978
1,F1,0.7272727272727274,0.8510638297872342,0.8936170212765957,0.6341463414634146,0.8095238095238095
2,Accuracy,72.72727272727273,83.72093023255815,87.17948717948718,57.14285714285714,80.95238095238095
