,Metric,LSTM (seed 305475974),LSTM (seed 369953070),LSTM (seed 879273778),LSTM (seed 965681145),LSTM (seed 992391276)
0,gmean,0.8139410298049853,0.82915619758885,0.8366600265340756,0.8366600265340756,0.82915619758885
1,F1,0.9298245614035088,0.9482758620689654,0.9572649572649572,0.9572649572649572,0.9482758620689654
2,Accuracy,87.5,90.625,92.1875,92.1875,90.625
