,Metric,"LSTM (seed 305475974, test 1)","LSTM (seed 305475974, test 2)","LSTM (seed 305475974, test 3)","LSTM (seed 305475974, test 4)","LSTM (seed 305475974, test 5)"
0,gmean,0.8047833012178126,0.778498944161523,0.8501917942185291,0.7502913187136466,0.8137612413107003
1,F1,0.8275862068965517,0.7843137254901961,0.8571428571428572,0.8070175438596492,0.830188679245283
2,Accuracy,80.76923076923077,77.55102040816327,85.1063829787234,77.08333333333334,81.63265306122449
