,Metric,"MLP (seed 879273778, test 1)","MLP (seed 879273778, test 2)","MLP (seed 879273778, test 3)","MLP (seed 879273778, test 4)","MLP (seed 879273778, test 5)"
0,gmean,0.6324555320336759,0.8032193289024988,0.7211102550927979,0.824501640789771,0.7293968086257969
1,F1,0.7547169811320756,0.8333333333333334,0.7868852459016393,0.8363636363636363,0.8307692307692308
2,Accuracy,68.29268292682927,80.3921568627451,74.0,82.0,78.0
