,Metric,"LSTM (seed 965681145, test 1)","LSTM (seed 965681145, test 2)","LSTM (seed 965681145, test 3)","LSTM (seed 965681145, test 4)","LSTM (seed 965681145, test 5)"
0,gmean,0.7687061147858073,0.806225774829855,0.8351171384426468,0.8970797434541159,0.7958224257542215
1,F1,0.8571428571428571,0.8666666666666667,0.8809523809523809,0.9318181818181818,0.853932584269663
2,Accuracy,80.88235294117648,82.6086956521739,84.84848484848484,90.9090909090909,81.15942028985508
