,Metric,Bi-LSTM (seed 305475974),Bi-LSTM (seed 369953070),Bi-LSTM (seed 879273778),Bi-LSTM (seed 965681145),Bi-LSTM (seed 992391276)
0,gmean,0.0,0.0,0.0,0.0,0.0
1,F1,0.8852459016393442,0.8852459016393442,0.9206349206349207,0.9374999999999999,0.9032258064516129
2,Accuracy,79.41176470588235,79.41176470588235,85.29411764705883,88.23529411764706,82.35294117647058
