,Metric,"Bi-LSTM (seed 305475974, test 1)","Bi-LSTM (seed 305475974, test 2)","Bi-LSTM (seed 305475974, test 3)","Bi-LSTM (seed 305475974, test 4)","Bi-LSTM (seed 305475974, test 5)","Bi-LSTM (seed 369953070, test 1)","Bi-LSTM (seed 369953070, test 2)","Bi-LSTM (seed 369953070, test 3)","Bi-LSTM (seed 369953070, test 4)","Bi-LSTM (seed 369953070, test 5)","Bi-LSTM (seed 879273778, test 1)","Bi-LSTM (seed 879273778, test 2)","Bi-LSTM (seed 879273778, test 3)","Bi-LSTM (seed 879273778, test 4)","Bi-LSTM (seed 879273778, test 5)","Bi-LSTM (seed 965681145, test 1)","Bi-LSTM (seed 965681145, test 2)","Bi-LSTM (seed 965681145, test 3)","Bi-LSTM (seed 965681145, test 4)","Bi-LSTM (seed 965681145, test 5)","Bi-LSTM (seed 992391276, test 1)","Bi-LSTM (seed 992391276, test 2)","Bi-LSTM (seed 992391276, test 3)","Bi-LSTM (seed 992391276, test 4)","Bi-LSTM (seed 992391276, test 5)"
0,gmean,0.7895146188218007,0.813888792149391,0.8122328620674136,0.7284313590846836,0.8310251722297181,0.746368017395778,0.834665601703261,0.8755950357709131,0.6031564415557871,0.8618315515159594,0.8190283593479222,0.7582875444051551,0.7811805524688614,0.8238891044509619,0.8379305815963922,0.8057949835755716,0.823754471047914,0.8215838362577492,0.8660254037844386,0.8100925873009825,0.7586308940013802,0.6245565802918224,0.8864052604279182,0.824621125123532,0.7737179432986628
1,F1,0.8712871287128714,0.8631578947368421,0.8602150537634408,0.8627450980392157,0.8817204301075269,0.8541666666666666,0.888888888888889,0.92,0.796116504854369,0.8913043478260869,0.875,0.8761904761904761,0.8222222222222222,0.9,0.9072164948453608,0.888888888888889,0.875,0.8910891089108911,0.9166666666666666,0.875,0.8297872340425533,0.8,0.9032258064516128,0.888888888888889,0.8712871287128713
2,Accuracy,82.43243243243244,82.1917808219178,81.94444444444444,80.28169014084507,84.50704225352112,80.0,85.13513513513513,89.1891891891892,70.83333333333334,85.91549295774648,83.33333333333334,82.43243243243244,77.77777777777779,86.11111111111111,87.32394366197182,84.72222222222221,83.56164383561644,85.13513513513513,88.57142857142857,83.33333333333334,77.77777777777779,71.83098591549296,87.67123287671232,84.72222222222221,82.1917808219178
