,Metric,Transformer (seed 305475974),Transformer (seed 369953070),Transformer (seed 879273778),Transformer (seed 965681145),Transformer (seed 992391276)
0,gmean,0.8103403911373863,0.805193835435187,0.8339000340675363,0.8339000340675363,0.7996597916069841
1,F1,0.8580246913580247,0.8597560975609756,0.8679245283018868,0.8679245283018868,0.8571428571428571
2,Accuracy,82.3076923076923,82.3076923076923,83.84615384615385,83.84615384615385,81.92307692307692
