,Metric,"Bi-LSTM (seed 305475974, test 1)","Bi-LSTM (seed 305475974, test 2)","Bi-LSTM (seed 305475974, test 3)","Bi-LSTM (seed 305475974, test 4)","Bi-LSTM (seed 305475974, test 5)"
0,gmean,0.7860711172778452,0.8067998053581359,0.8048150549829897,0.7284313590846836,0.8283182426526118
1,F1,0.8631578947368421,0.8505747126436781,0.8470588235294119,0.8627450980392157,0.8764044943820225
2,Accuracy,81.69014084507043,81.15942028985508,80.88235294117648,80.28169014084507,84.05797101449275
