,Metric,"Bi-LSTM (seed 965681145, test 1)","Bi-LSTM (seed 965681145, test 2)","Bi-LSTM (seed 965681145, test 3)","Bi-LSTM (seed 965681145, test 4)","Bi-LSTM (seed 965681145, test 5)"
0,gmean,0.7587583842794,0.8081220356417685,0.7991223255722932,0.8891559427897283,0.8269362305593853
1,F1,0.8493150684931505,0.8571428571428571,0.8524590163934426,0.9367088607594937,0.8857142857142858
2,Accuracy,80.0,82.14285714285714,81.63265306122449,91.22807017543859,85.18518518518519
