,Metric,"MLP (seed 965681145, test 1)","MLP (seed 965681145, test 2)","MLP (seed 965681145, test 3)","MLP (seed 965681145, test 4)","MLP (seed 965681145, test 5)"
0,gmean,1.0,0.816496580927726,0.7745966692414834,0.7071067811865476,0.0
1,F1,1.0,0.9411764705882353,0.9,0.6666666666666666,0.6666666666666665
2,Accuracy,100.0,90.9090909090909,85.71428571428571,71.42857142857143,50.0
