,Metric,"MLP (seed 965681145, test 1)","MLP (seed 965681145, test 2)","MLP (seed 965681145, test 3)","MLP (seed 965681145, test 4)","MLP (seed 965681145, test 5)"
0,gmean,0.773923984208613,0.6913328984437151,0.6298366572977736,0.6859943405700354,0.7282190812544191
1,F1,0.7547169811320755,0.8,0.8205128205128205,0.7096774193548386,0.8108108108108109
2,Accuracy,76.78571428571429,74.13793103448276,74.54545454545455,67.85714285714286,75.86206896551724
