,Metric,"MLP (seed 879273778, test 1)","MLP (seed 879273778, test 2)","MLP (seed 879273778, test 3)","MLP (seed 879273778, test 4)","MLP (seed 879273778, test 5)"
0,gmean,0.6853444168423419,0.7897704563589181,0.7008766440504623,0.8285409986718741,0.7752484124524868
1,F1,0.8051948051948052,0.8125,0.7567567567567567,0.8493150684931507,0.8717948717948718
2,Accuracy,74.13793103448276,78.94736842105263,70.96774193548387,81.9672131147541,82.75862068965517
