,Metric,"Transformer (seed 965681145, test 1)","Transformer (seed 965681145, test 2)","Transformer (seed 965681145, test 3)","Transformer (seed 965681145, test 4)","Transformer (seed 965681145, test 5)"
0,gmean,0.9263671131731709,0.8105028646568877,0.8153359597569135,0.8651501883978576,0.7445453821540743
1,F1,0.9462365591397849,0.8571428571428571,0.8764044943820225,0.896551724137931,0.8089887640449438
2,Accuracy,92.95774647887323,81.69014084507043,83.82352941176471,86.56716417910447,75.71428571428571
