,Metric,"Bi-LSTM (seed 305475974, test 1)","Bi-LSTM (seed 305475974, test 2)","Bi-LSTM (seed 305475974, test 3)","Bi-LSTM (seed 305475974, test 4)","Bi-LSTM (seed 305475974, test 5)","Bi-LSTM (seed 369953070, test 1)","Bi-LSTM (seed 369953070, test 2)","Bi-LSTM (seed 369953070, test 3)","Bi-LSTM (seed 369953070, test 4)","Bi-LSTM (seed 369953070, test 5)","Bi-LSTM (seed 879273778, test 1)","Bi-LSTM (seed 879273778, test 2)","Bi-LSTM (seed 879273778, test 3)","Bi-LSTM (seed 879273778, test 4)","Bi-LSTM (seed 879273778, test 5)","Bi-LSTM (seed 965681145, test 1)","Bi-LSTM (seed 965681145, test 2)","Bi-LSTM (seed 965681145, test 3)","Bi-LSTM (seed 965681145, test 4)","Bi-LSTM (seed 965681145, test 5)","Bi-LSTM (seed 992391276, test 1)","Bi-LSTM (seed 992391276, test 2)","Bi-LSTM (seed 992391276, test 3)","Bi-LSTM (seed 992391276, test 4)","Bi-LSTM (seed 992391276, test 5)"
0,gmean,0.7807200583588265,0.7514691493021795,0.8207826816681233,0.7931155389125321,0.8482786803738024,0.7319250547113999,0.8393720596645176,0.8886136091358625,0.5388159060803247,0.8401680504168059,0.7777137710478189,0.7035623639735145,0.8215838362577492,0.7938841860374447,0.8081220356417685,0.7587583842794,0.8081220356417685,0.8127835258487386,0.8891559427897283,0.8269362305593853,0.7453559924999299,0.6321954228176434,0.8609160647753271,0.8179961167749047,0.7723284457212329
1,F1,0.8648648648648648,0.823529411764706,0.8484848484848486,0.8823529411764706,0.9066666666666667,0.8450704225352113,0.8857142857142858,0.9249999999999999,0.7714285714285716,0.8615384615384616,0.8333333333333334,0.8470588235294118,0.8571428571428571,0.8571428571428571,0.8767123287671234,0.8493150684931505,0.8571428571428571,0.8666666666666666,0.9367088607594937,0.8857142857142858,0.8219178082191781,0.7826086956521738,0.8749999999999999,0.875,0.860759493670886
2,Accuracy,82.14285714285714,76.92307692307693,81.48148148148148,84.31372549019608,87.71929824561403,79.24528301886792,85.71428571428571,89.47368421052632,67.3469387755102,83.63636363636363,78.72340425531915,78.33333333333333,82.6923076923077,81.81818181818183,83.92857142857143,80.0,82.14285714285714,83.33333333333334,91.22807017543859,85.18518518518519,77.19298245614034,70.58823529411765,85.18518518518519,83.6734693877551,81.35593220338984
