,Metric,"Bi-LSTM (seed 305475974, test 1)","Bi-LSTM (seed 305475974, test 2)","Bi-LSTM (seed 305475974, test 3)","Bi-LSTM (seed 305475974, test 4)","Bi-LSTM (seed 305475974, test 5)"
0,gmean,0.7661308776828737,0.7920055096227092,0.8665957202135781,0.7099371065011082,0.8293051522649082
1,F1,0.8181818181818182,0.8070175438596491,0.8955223880597014,0.8055555555555555,0.8656716417910447
2,Accuracy,78.18181818181819,78.84615384615384,87.5,75.0,83.92857142857143
