,Metric,"Transformer (seed 992391276, test 1)","Transformer (seed 992391276, test 2)","Transformer (seed 992391276, test 3)","Transformer (seed 992391276, test 4)","Transformer (seed 992391276, test 5)"
0,gmean,0.7972977867044162,0.6736681889690419,0.8881214387247279,0.8499011800264056,0.8235864093362705
1,F1,0.8641975308641975,0.7848101265822786,0.9024390243902439,0.9148936170212766,0.8536585365853658
2,Accuracy,82.53968253968253,72.1311475409836,88.05970149253731,88.23529411764706,82.08955223880598
