,Metric,Transformer (seed 305475974),Transformer (seed 369953070),Transformer (seed 879273778),Transformer (seed 965681145),Transformer (seed 992391276)
0,gmean,0.43915503282683993,0.8837151016885368,0.8837151016885368,0.6172133998483676,0.6133436852128472
1,F1,0.9585798816568047,0.9820359281437125,0.9820359281437125,0.9580838323353292,0.9518072289156626
2,Accuracy,92.13483146067416,96.62921348314607,96.62921348314607,92.13483146067416,91.01123595505618
