,Metric,"RNN (seed 305475974, test 1)","RNN (seed 305475974, test 2)","RNN (seed 305475974, test 3)","RNN (seed 305475974, test 4)","RNN (seed 305475974, test 5)"
0,gmean,0.7958224257542215,0.7260384169902695,0.7974142996067924,0.6276459144608478,0.8124271529114957
1,F1,0.853932584269663,0.8,0.8571428571428571,0.8125,0.8913043478260869
2,Accuracy,81.15942028985508,74.6268656716418,81.42857142857143,73.13432835820896,85.29411764705883
