,Metric,"Transformer (seed 879273778, test 1)","Transformer (seed 879273778, test 2)","Transformer (seed 879273778, test 3)","Transformer (seed 879273778, test 4)","Transformer (seed 879273778, test 5)"
0,gmean,0.7667058352705018,0.8944271909999159,0.8542421961772492,0.8111071056538127,0.8644378215075664
1,F1,0.8285714285714285,0.9195402298850575,0.8695652173913043,0.8860759493670887,0.9113924050632911
2,Accuracy,77.35849056603774,89.23076923076924,84.21052631578947,84.7457627118644,88.33333333333333
