,Metric,"RNN (seed 965681145, test 1)","RNN (seed 965681145, test 2)","RNN (seed 965681145, test 3)","RNN (seed 965681145, test 4)","RNN (seed 965681145, test 5)"
0,gmean,0.769800358919501,0.7809953288616416,0.7359800721939872,0.7402565757761278,0.7087964055337806
1,F1,0.8421052631578948,0.8378378378378377,0.8461538461538461,0.8266666666666667,0.7894736842105263
2,Accuracy,80.0,80.0,79.3103448275862,77.58620689655173,73.33333333333333
