,Metric,"Bi-LSTM (seed 992391276, test 1)","Bi-LSTM (seed 992391276, test 2)","Bi-LSTM (seed 992391276, test 3)","Bi-LSTM (seed 992391276, test 4)","Bi-LSTM (seed 992391276, test 5)"
0,gmean,0.7490058862731382,0.5959141182784952,0.8630131323836657,0.835126276341427,0.7559289460184544
1,F1,0.7936507936507936,0.7246376811594203,0.8666666666666666,0.8831168831168831,0.7999999999999999
2,Accuracy,75.92592592592592,64.81481481481481,85.71428571428571,84.7457627118644,76.92307692307693
