,Metric,"Transformer (seed 965681145, test 1)","Transformer (seed 965681145, test 2)","Transformer (seed 965681145, test 3)","Transformer (seed 965681145, test 4)","Transformer (seed 965681145, test 5)"
0,gmean,0.8964214570007952,0.7836590525689312,0.8218507142366113,0.8555852638929972,0.7712506636670704
1,F1,0.9090909090909091,0.8,0.8627450980392156,0.8749999999999999,0.8070175438596492
2,Accuracy,89.58333333333334,78.0,83.72093023255815,84.61538461538461,77.55102040816327
