,Metric,"Transformer (seed 965681145, test 1)","Transformer (seed 965681145, test 2)","Transformer (seed 965681145, test 3)","Transformer (seed 965681145, test 4)","Transformer (seed 965681145, test 5)"
0,gmean,0.9046835805696823,0.7958224257542215,0.8183501510337551,0.8454191518529428,0.6998542122237652
1,F1,0.9090909090909091,0.8135593220338982,0.8524590163934426,0.8571428571428572,0.7058823529411765
2,Accuracy,90.38461538461539,79.62962962962963,82.6923076923077,84.31372549019608,69.38775510204081
