,Metric,"LSTM (seed 879273778, test 1)","LSTM (seed 879273778, test 2)","LSTM (seed 879273778, test 3)","LSTM (seed 879273778, test 4)","LSTM (seed 879273778, test 5)"
0,gmean,0.8027431418107152,0.6488856845230502,0.816496580927726,0.7772815877574012,0.8182619810016042
1,F1,0.8363636363636363,0.8,0.847457627118644,0.8529411764705882,0.8656716417910447
2,Accuracy,80.0,72.41379310344827,82.0,81.13207547169812,83.33333333333334
