,Metric,"MLP (seed 992391276, test 1)","MLP (seed 992391276, test 2)","MLP (seed 992391276, test 3)","MLP (seed 992391276, test 4)","MLP (seed 992391276, test 5)"
0,gmean,0.6589465276604692,0.6236095644623235,0.7736777337964158,0.7102355875344768,0.7071067811865476
1,F1,0.7951807228915663,0.7368421052631577,0.8051948051948052,0.8235294117647058,0.8372093023255814
2,Accuracy,72.58064516129032,66.66666666666666,76.92307692307693,76.19047619047619,77.77777777777779
