,Metric,"Bi-LSTM (seed 992391276, test 1)","Bi-LSTM (seed 992391276, test 2)","Bi-LSTM (seed 992391276, test 3)","Bi-LSTM (seed 992391276, test 4)","Bi-LSTM (seed 992391276, test 5)"
0,gmean,0.7271146073171085,0.5763400317241829,0.8443713418650368,0.8191262063537486,0.7421082385212816
1,F1,0.7450980392156863,0.6666666666666667,0.84,0.8524590163934426,0.76
2,Accuracy,72.91666666666666,60.416666666666664,84.31372549019608,82.35294117647058,74.46808510638297
