,Metric,LSTM (seed 305475974),LSTM (seed 369953070),LSTM (seed 879273778),LSTM (seed 965681145),LSTM (seed 992391276)
0,gmean,0.9636241116594315,1.0,1.0,1.0,0.9636241116594315
1,F1,0.962962962962963,1.0,1.0,1.0,0.962962962962963
2,Accuracy,93.33333333333333,100.0,100.0,100.0,93.33333333333333
