,Metric,"LSTM (seed 305475974, test 1)","LSTM (seed 305475974, test 2)","LSTM (seed 305475974, test 3)","LSTM (seed 305475974, test 4)","LSTM (seed 305475974, test 5)"
0,gmean,0.8322910148099241,0.7985809173036139,0.8539125638299666,0.7637626158259733,0.8416254115301731
1,F1,0.875,0.8285714285714286,0.8860759493670887,0.8571428571428571,0.8831168831168831
2,Accuracy,84.375,80.0,85.9375,81.03448275862068,85.48387096774194
