,Metric,Transformer (seed 305475974),Transformer (seed 369953070),Transformer (seed 879273778),Transformer (seed 965681145),Transformer (seed 992391276)
0,gmean,0.8024358178266454,0.8004595931771716,0.8241859867331721,0.8270013398178725,0.8050206534165346
1,F1,0.8493827160493828,0.8536585365853658,0.86,0.8663366336633663,0.8592233009708737
2,Accuracy,81.17283950617285,81.48148148148148,82.71604938271605,83.33333333333334,82.09876543209876
