,Metric,LSTM (seed 305475974),LSTM (seed 369953070),LSTM (seed 879273778),LSTM (seed 965681145),LSTM (seed 992391276)
0,gmean,0.8494519571176351,0.8767140075192094,0.8767140075192094,0.8767140075192094,0.8677218312746247
1,F1,0.9387755102040817,0.9702970297029702,0.9702970297029702,0.9702970297029702,0.96
2,Accuracy,89.28571428571429,94.64285714285714,94.64285714285714,94.64285714285714,92.85714285714286
