,Metric,"RNN (seed 879273778, test 1)","RNN (seed 879273778, test 2)","RNN (seed 879273778, test 3)","RNN (seed 879273778, test 4)","RNN (seed 879273778, test 5)"
0,gmean,0.8316295356285923,0.8024583440524461,0.7407971974871922,0.7622517090726592,0.7186604679659612
1,F1,0.8837209302325582,0.8791208791208791,0.7792207792207793,0.8842105263157896,0.8631578947368421
2,Accuracy,84.84848484848484,83.82352941176471,73.84615384615385,83.5820895522388,80.59701492537313
