,Metric,Random Forest (seed 305475974),Random Forest (seed 369953070),Random Forest (seed 879273778),Random Forest (seed 965681145),Random Forest (seed 992391276)
0,gmean,0.0,0.0,0.0,0.0,0.0
1,F1,0.9836065573770492,0.9836065573770492,0.9836065573770492,0.9836065573770492,0.9836065573770492
2,Accuracy,96.7741935483871,96.7741935483871,96.7741935483871,96.7741935483871,96.7741935483871
