,Metric,"MLP (seed 305475974, test 1)","MLP (seed 305475974, test 2)","MLP (seed 305475974, test 3)","MLP (seed 305475974, test 4)","MLP (seed 305475974, test 5)"
0,gmean,0.7273718220015541,0.7663560447348133,0.6364265548277527,0.7426406610973786,0.794237970313918
1,F1,0.8478260869565216,0.8505747126436781,0.8085106382978724,0.8478260869565217,0.8051948051948051
2,Accuracy,79.1044776119403,80.3030303030303,73.13432835820896,79.1044776119403,77.61194029850746
