,Metric,"LSTM (seed 369953070, test 1)","LSTM (seed 369953070, test 2)","LSTM (seed 369953070, test 3)","LSTM (seed 369953070, test 4)","LSTM (seed 369953070, test 5)"
0,gmean,0.7824607964359516,0.8206518066482897,0.8850612031567836,0.5710402407201608,0.8629489272626913
1,F1,0.8823529411764707,0.888888888888889,0.9306930693069307,0.7843137254901961,0.888888888888889
2,Accuracy,83.56164383561644,84.93150684931507,90.54054054054053,69.01408450704226,85.91549295774648
