,Metric,"Bi-LSTM (seed 305475974, test 1)","Bi-LSTM (seed 305475974, test 2)","Bi-LSTM (seed 305475974, test 3)","Bi-LSTM (seed 305475974, test 4)","Bi-LSTM (seed 305475974, test 5)","Bi-LSTM (seed 369953070, test 1)","Bi-LSTM (seed 369953070, test 2)","Bi-LSTM (seed 369953070, test 3)","Bi-LSTM (seed 369953070, test 4)","Bi-LSTM (seed 369953070, test 5)","Bi-LSTM (seed 879273778, test 1)","Bi-LSTM (seed 879273778, test 2)","Bi-LSTM (seed 879273778, test 3)","Bi-LSTM (seed 879273778, test 4)","Bi-LSTM (seed 879273778, test 5)","Bi-LSTM (seed 965681145, test 1)","Bi-LSTM (seed 965681145, test 2)","Bi-LSTM (seed 965681145, test 3)","Bi-LSTM (seed 965681145, test 4)","Bi-LSTM (seed 965681145, test 5)","Bi-LSTM (seed 992391276, test 1)","Bi-LSTM (seed 992391276, test 2)","Bi-LSTM (seed 992391276, test 3)","Bi-LSTM (seed 992391276, test 4)","Bi-LSTM (seed 992391276, test 5)"
0,gmean,0.7518094115561123,0.7207249436813218,0.879173964527716,0.7899367063252599,0.8333333333333334,0.6937218462755804,0.850170051017006,0.8592273301858313,0.5222329678670935,0.8423887907451878,0.7559289460184545,0.674199862463242,0.8106434833777776,0.7668115805072325,0.7779866052154991,0.7389181280764466,0.7968190728895957,0.7834607467435618,0.8808303292720552,0.809606191227531,0.7277565730583474,0.6135719910778964,0.8156086017841816,0.8227533512074423,0.7559289460184544
1,F1,0.7999999999999999,0.7555555555555556,0.888888888888889,0.8571428571428571,0.8771929824561403,0.717948717948718,0.8771929824561403,0.8846153846153846,0.6923076923076923,0.851851851851852,0.7692307692307692,0.76,0.8363636363636364,0.8076923076923077,0.8363636363636363,0.7924528301886793,0.816326530612245,0.8333333333333333,0.9152542372881356,0.8372093023255814,0.7857142857142857,0.7407407407407408,0.8095238095238095,0.8627450980392156,0.782608695652174
2,Accuracy,76.74418604651163,71.7948717948718,87.8048780487805,82.22222222222221,85.1063829787234,69.44444444444444,85.71428571428571,85.71428571428571,60.0,83.33333333333334,75.0,70.73170731707317,81.25,77.77777777777779,80.0,75.55555555555556,80.0,80.0,89.36170212765957,81.57894736842105,74.46808510638297,66.66666666666666,81.3953488372093,82.92682926829268,76.19047619047619
