,Metric,"Bi-LSTM (seed 965681145, test 1)","Bi-LSTM (seed 965681145, test 2)","Bi-LSTM (seed 965681145, test 3)","Bi-LSTM (seed 965681145, test 4)","Bi-LSTM (seed 965681145, test 5)"
0,gmean,0.8033494696396895,0.8223230981662729,0.818665234364723,0.8651874496416416,0.8088605066072494
1,F1,0.8817204301075269,0.8723404255319149,0.8842105263157894,0.9148936170212766,0.8723404255319149
2,Accuracy,84.05797101449275,83.33333333333334,84.50704225352112,88.40579710144928,83.09859154929578
