,Metric,"Bi-LSTM (seed 965681145, test 1)","Bi-LSTM (seed 965681145, test 2)","Bi-LSTM (seed 965681145, test 3)","Bi-LSTM (seed 965681145, test 4)","Bi-LSTM (seed 965681145, test 5)"
0,gmean,1.0,0.9486832980505138,0.8563488385776753,0.7745966692414834,0.7245688373094719
1,F1,1.0,0.9473684210526316,0.9166666666666666,0.8000000000000002,0.7777777777777777
2,Accuracy,100.0,92.3076923076923,88.23529411764706,77.77777777777779,71.42857142857143
