,Metric,"RNN (seed 965681145, test 1)","RNN (seed 965681145, test 2)","RNN (seed 965681145, test 3)","RNN (seed 965681145, test 4)","RNN (seed 965681145, test 5)"
0,gmean,0.777593185920953,0.7821396449755148,0.7352893352307411,0.7510323473571957,0.689061827088388
1,F1,0.8666666666666666,0.853932584269663,0.8539325842696629,0.8571428571428571,0.7954545454545455
2,Accuracy,82.08955223880598,80.88235294117648,80.0,80.3030303030303,73.13432835820896
