,Metric,LSTM (seed 305475974),LSTM (seed 369953070),LSTM (seed 879273778),LSTM (seed 965681145),LSTM (seed 992391276)
0,gmean,0.0,0.0,0.0,0.0,0.0
1,F1,0.8947368421052632,0.8648648648648648,0.8947368421052632,0.9500000000000001,0.9230769230769231
2,Accuracy,80.95238095238095,76.19047619047619,80.95238095238095,90.47619047619048,85.71428571428571
