,Metric,"RNN (seed 965681145, test 1)","RNN (seed 965681145, test 2)","RNN (seed 965681145, test 3)","RNN (seed 965681145, test 4)","RNN (seed 965681145, test 5)"
0,gmean,0.777593185920953,0.7700800320836488,0.7255499736252785,0.7499119046217669,0.6908492797077574
1,F1,0.8666666666666666,0.8372093023255814,0.8409090909090909,0.853932584269663,0.8
2,Accuracy,82.08955223880598,79.1044776119403,78.46153846153847,80.0,73.52941176470588
