,Metric,"LSTM (seed 965681145, test 1)","LSTM (seed 965681145, test 2)","LSTM (seed 965681145, test 3)","LSTM (seed 965681145, test 4)","LSTM (seed 965681145, test 5)"
0,gmean,0.7737179432986628,0.8031189202104505,0.834665601703261,0.9004224941123612,0.8017837257372731
1,F1,0.8712871287128713,0.8686868686868686,0.888888888888889,0.9387755102040817,0.8659793814432989
2,Accuracy,82.1917808219178,82.43243243243244,85.13513513513513,91.54929577464789,82.1917808219178
