,Metric,"Bi-LSTM (seed 965681145, test 1, fold 1)","Bi-LSTM (seed 965681145, test 1, fold 2)","Bi-LSTM (seed 965681145, test 1, fold 3)","Bi-LSTM (seed 965681145, test 1, fold 4)","Bi-LSTM (seed 965681145, test 1, fold 5)","Bi-LSTM (seed 965681145, test 2, fold 1)","Bi-LSTM (seed 965681145, test 2, fold 2)","Bi-LSTM (seed 965681145, test 2, fold 3)","Bi-LSTM (seed 965681145, test 2, fold 4)","Bi-LSTM (seed 965681145, test 2, fold 5)","Bi-LSTM (seed 965681145, test 3, fold 1)","Bi-LSTM (seed 965681145, test 3, fold 2)","Bi-LSTM (seed 965681145, test 3, fold 3)","Bi-LSTM (seed 965681145, test 3, fold 4)","Bi-LSTM (seed 965681145, test 3, fold 5)","Bi-LSTM (seed 965681145, test 4, fold 1)","Bi-LSTM (seed 965681145, test 4, fold 2)","Bi-LSTM (seed 965681145, test 4, fold 3)","Bi-LSTM (seed 965681145, test 4, fold 4)","Bi-LSTM (seed 965681145, test 4, fold 5)","Bi-LSTM (seed 965681145, test 5, fold 1)","Bi-LSTM (seed 965681145, test 5, fold 2)","Bi-LSTM (seed 965681145, test 5, fold 3)","Bi-LSTM (seed 965681145, test 5, fold 4)","Bi-LSTM (seed 965681145, test 5, fold 5)"
0,gmean,0.8150372471769093,0.787400787401181,0.6513721780101713,0.867673407946298,0.728991475552747,0.7824607964359516,0.6587970897341433,0.6172133998483676,0.7037315505489968,0.7161879432579323,0.7398435111918139,0.7700535410868201,0.7132825035177587,0.7254762501100116,0.7700535410868201,0.8234456132997965,0.8234456132997965,0.8354673530460051,0.7934920476158722,0.8354673530460051,0.7316379689758171,0.8116794499134278,0.7821538888750429,0.7396342498352897,0.6507913734559685
1,F1,0.8732394366197184,0.8611111111111112,0.8354430379746834,0.8985507246376812,0.8378378378378378,0.8450704225352113,0.7837837837837838,0.7567567567567569,0.7887323943661971,0.8055555555555555,0.8253968253968254,0.8387096774193549,0.8529411764705883,0.8064516129032259,0.8387096774193549,0.8831168831168831,0.8831168831168831,0.8974358974358975,0.8717948717948718,0.8974358974358975,0.8115942028985507,0.8484848484848485,0.8767123287671232,0.8493150684931507,0.8311688311688312
2,Accuracy,83.63636363636363,81.81818181818183,76.36363636363637,87.27272727272727,78.18181818181819,80.35714285714286,71.42857142857143,67.85714285714286,73.21428571428571,75.0,77.55102040816327,79.59183673469387,79.59183673469387,75.51020408163265,79.59183673469387,84.21052631578947,84.21052631578947,85.96491228070175,82.45614035087719,85.96491228070175,75.92592592592592,81.48148148148148,83.33333333333334,79.62962962962963,75.92592592592592
