,Metric,Transformer (seed 305475974),Transformer (seed 369953070),Transformer (seed 879273778),Transformer (seed 965681145),Transformer (seed 992391276)
0,gmean,0.8069344882382229,0.8046773244091648,0.8288065944251313,0.8313589231482256,0.8090865482337345
1,F1,0.8564593301435406,0.8605200945626478,0.8668280871670703,0.8729016786570744,0.8658823529411764
2,Accuracy,81.81818181818183,82.12121212121211,83.33333333333334,83.93939393939394,82.72727272727273
