,Metric,Transformer (seed 305475974),Transformer (seed 369953070),Transformer (seed 879273778),Transformer (seed 965681145),Transformer (seed 992391276)
0,gmean,0.8098382810359497,0.8069037906497365,0.8296965405576298,0.8336592148552731,0.8108885249607872
1,F1,0.8652173913043478,0.8688172043010755,0.8722466960352422,0.8801742919389979,0.8736616702355461
2,Accuracy,82.38636363636364,82.67045454545455,83.52272727272727,84.375,83.23863636363636
