,Metric,"RNN (seed 879273778, test 1)","RNN (seed 879273778, test 2)","RNN (seed 879273778, test 3)","RNN (seed 879273778, test 4)","RNN (seed 879273778, test 5)"
0,gmean,0.8316295356285923,0.7884152709427833,0.7335144703827386,0.7634092673842875,0.7190587281616534
1,F1,0.8837209302325582,0.8686868686868686,0.776470588235294,0.8910891089108911,0.865979381443299
2,Accuracy,84.84848484848484,82.1917808219178,72.85714285714285,84.28571428571429,80.88235294117648
