,Metric,"RNN (seed 992391276, test 1)","RNN (seed 992391276, test 2)","RNN (seed 992391276, test 3)","RNN (seed 992391276, test 4)","RNN (seed 992391276, test 5)"
0,gmean,0.7664191894673175,0.6227523687795277,0.8115026712006891,0.7311853627036271,0.6349021776571556
1,F1,0.8292682926829268,0.776470588235294,0.8674698795180722,0.853932584269663,0.7441860465116278
2,Accuracy,78.46153846153847,69.84126984126983,83.07692307692308,79.6875,67.16417910447761
