,Metric,"Bi-LSTM (seed 992391276, test 1)","Bi-LSTM (seed 992391276, test 2)","Bi-LSTM (seed 992391276, test 3)","Bi-LSTM (seed 992391276, test 4)","Bi-LSTM (seed 992391276, test 5)"
0,gmean,0.7037315505489968,0.5888541636145506,0.7937253933193772,0.8047478161629565,0.7453559924999299
1,F1,0.7272727272727272,0.6666666666666666,0.7777777777777777,0.8292682926829269,0.7499999999999999
2,Accuracy,70.73170731707317,61.111111111111114,80.0,80.55555555555556,74.35897435897436
