,Metric,"RNN (seed 992391276, test 1)","RNN (seed 992391276, test 2)","RNN (seed 992391276, test 3)","RNN (seed 992391276, test 4)","RNN (seed 992391276, test 5)"
0,gmean,0.7589709258986453,0.6155870112510925,0.7878385971583354,0.677365137434578,0.6303750805673781
1,F1,0.8064516129032258,0.7272727272727272,0.8275862068965517,0.8125,0.7213114754098361
2,Accuracy,76.92307692307693,65.9090909090909,79.59183673469387,74.46808510638297,66.0
