,Metric,"Bi-LSTM (seed 992391276, test 1)","Bi-LSTM (seed 992391276, test 2)","Bi-LSTM (seed 992391276, test 3)","Bi-LSTM (seed 992391276, test 4)","Bi-LSTM (seed 992391276, test 5)"
0,gmean,0.7567661696065654,0.6233674329973768,0.8864052604279182,0.8222751143238883,0.7718449849879597
1,F1,0.8260869565217391,0.7959183673469389,0.9032258064516128,0.8842105263157894,0.8659793814432989
2,Accuracy,77.46478873239437,71.42857142857143,87.67123287671232,84.28571428571429,81.69014084507043
