,Metric,Transformer (seed 305475974),Transformer (seed 369953070),Transformer (seed 879273778),Transformer (seed 965681145),Transformer (seed 992391276)
0,gmean,0.4264014327112209,0.873862897505303,0.8944271909999159,0.6030226891555273,0.6030226891555273
1,F1,0.8695652173913043,0.9545454545454546,0.9777777777777777,0.888888888888889,0.888888888888889
2,Accuracy,77.77777777777779,92.5925925925926,96.29629629629629,81.48148148148148,81.48148148148148
