,Metric,"RNN (seed 992391276, test 1)","RNN (seed 992391276, test 2)","RNN (seed 992391276, test 3)","RNN (seed 992391276, test 4)","RNN (seed 992391276, test 5)"
0,gmean,0.7669649888473704,0.6261106284485685,0.7998161553463028,0.6790438640176067,0.6449545616201361
1,F1,0.8235294117647058,0.7619047619047619,0.8529411764705882,0.8181818181818182,0.7605633802816901
2,Accuracy,78.18181818181819,68.75,81.48148148148148,75.0,69.0909090909091
