,Metric,"LSTM (seed 369953070, test 1)","LSTM (seed 369953070, test 2)","LSTM (seed 369953070, test 3)","LSTM (seed 369953070, test 4)","LSTM (seed 369953070, test 5)"
0,gmean,0.7836039099693787,0.8266397845091497,0.8832563863180561,0.5925964635077339,0.8743045770369184
1,F1,0.8641975308641974,0.891304347826087,0.9263157894736843,0.7954545454545455,0.8888888888888888
2,Accuracy,82.25806451612904,85.5072463768116,90.14084507042254,70.96774193548387,86.36363636363636
