,Metric,Transformer (seed 305475974),Transformer (seed 369953070),Transformer (seed 879273778),Transformer (seed 965681145),Transformer (seed 992391276)
0,gmean,0.0,0.0,0.0,0.0,0.0
1,F1,0.9655172413793104,0.9655172413793104,0.9473684210526316,0.9655172413793104,0.9655172413793104
2,Accuracy,93.33333333333333,93.33333333333333,90.0,93.33333333333333,93.33333333333333
