,Metric,Transformer (seed 305475974),Transformer (seed 369953070),Transformer (seed 879273778),Transformer (seed 965681145),Transformer (seed 992391276)
0,gmean,0.4351245032554859,0.8763560920082658,0.8763560920082658,0.6153589738247641,0.6110100926607787
1,F1,0.9466666666666667,0.9729729729729729,0.9729729729729729,0.9530201342281879,0.9459459459459458
2,Accuracy,90.0,95.0,95.0,91.25,90.0
