,Metric,"Transformer (seed 305475974, test 1)","Transformer (seed 305475974, test 2)","Transformer (seed 305475974, test 3)","Transformer (seed 305475974, test 4)","Transformer (seed 305475974, test 5)"
0,gmean,0.8467625421102946,0.6736330697086078,0.8495907904857464,0.8917181675409448,0.7875917418813502
1,F1,0.8857142857142857,0.782608695652174,0.8823529411764706,0.9206349206349206,0.8571428571428572
2,Accuracy,85.71428571428571,71.15384615384616,85.18518518518519,90.19607843137256,81.35593220338984
