,Metric,"Bi-LSTM (seed 369953070, test 1)","Bi-LSTM (seed 369953070, test 2)","Bi-LSTM (seed 369953070, test 3)","Bi-LSTM (seed 369953070, test 4)","Bi-LSTM (seed 369953070, test 5)"
0,gmean,0.6932165600190666,0.8297022339981069,0.8438862056201546,0.5833220810869016,0.8369353795204786
1,F1,0.6976744186046512,0.847457627118644,0.8620689655172413,0.6666666666666667,0.8421052631578947
2,Accuracy,69.04761904761905,83.01886792452831,84.61538461538461,60.86956521739131,82.6923076923077
