,Metric,"Transformer (seed 965681145, test 1)","Transformer (seed 965681145, test 2)","Transformer (seed 965681145, test 3)","Transformer (seed 965681145, test 4)","Transformer (seed 965681145, test 5)"
0,gmean,0.924211375534118,0.8176298175326769,0.8128433340529315,0.8636363636363636,0.7422438453270771
1,F1,0.942528735632184,0.8636363636363636,0.8705882352941177,0.8941176470588236,0.8045977011494253
2,Accuracy,92.64705882352942,82.6086956521739,83.33333333333334,86.36363636363636,75.36231884057972
