,Metric,"Transformer (seed 369953070, test 1)","Transformer (seed 369953070, test 2)","Transformer (seed 369953070, test 3)","Transformer (seed 369953070, test 4)","Transformer (seed 369953070, test 5)"
0,gmean,0.8573214099741123,0.8674675786448736,0.812403840463596,0.6487446070815474,0.8206518066482897
1,F1,0.8842105263157894,0.8958333333333334,0.88,0.830188679245283,0.888888888888889
2,Accuracy,85.13513513513513,86.48648648648648,83.78378378378379,75.34246575342466,84.93150684931507
