,Metric,Bi-LSTM (seed 305475974),Bi-LSTM (seed 369953070),Bi-LSTM (seed 879273778),Bi-LSTM (seed 965681145),Bi-LSTM (seed 992391276)
0,gmean,0.7970507951401165,0.7622320568196436,0.7606694519694659,0.8028900731686799,0.7531004134118644
1,F1,0.8379446640316205,0.8110236220472441,0.804780876494024,0.8412698412698412,0.7951807228915663
2,Accuracy,80.93023255813954,77.67441860465117,77.20930232558139,81.3953488372093,76.27906976744187
