,Metric,"LSTM (seed 305475974, test 1)","LSTM (seed 305475974, test 2)","LSTM (seed 305475974, test 3)","LSTM (seed 305475974, test 4)","LSTM (seed 305475974, test 5)"
0,gmean,0.8101737385746448,0.7833494518006403,0.8569127825562018,0.7502913187136466,0.816496580927726
1,F1,0.8387096774193549,0.7924528301886793,0.8727272727272727,0.8070175438596492,0.8363636363636364
2,Accuracy,81.48148148148148,78.0,86.0,77.08333333333334,82.0
