,Metric,"LSTM (seed 992391276, test 1)","LSTM (seed 992391276, test 2)","LSTM (seed 992391276, test 3)","LSTM (seed 992391276, test 4)","LSTM (seed 992391276, test 5)"
0,gmean,0.746003846592251,0.6504436355879909,0.8718127501157389,0.8660254037844386,0.7483314773547882
1,F1,0.7692307692307692,0.7457627118644068,0.8679245283018867,0.8955223880597014,0.7777777777777777
2,Accuracy,75.0,68.75,86.79245283018868,87.03703703703704,75.51020408163265
