,Metric,"Bi-LSTM (seed 965681145, test 1)","Bi-LSTM (seed 965681145, test 2)","Bi-LSTM (seed 965681145, test 3)","Bi-LSTM (seed 965681145, test 4)","Bi-LSTM (seed 965681145, test 5)"
0,gmean,0.8065421279025868,0.8251262529657709,0.8215838362577492,0.866828394595597,0.8112726208286105
1,F1,0.8910891089108911,0.8775510204081632,0.8910891089108911,0.9183673469387755,0.8775510204081631
2,Accuracy,84.93150684931507,83.78378378378379,85.13513513513513,88.73239436619718,83.56164383561644
