,Metric,"LSTM (seed 369953070, test 1)","LSTM (seed 369953070, test 2)","LSTM (seed 369953070, test 3)","LSTM (seed 369953070, test 4)","LSTM (seed 369953070, test 5)"
0,gmean,0.760116950066092,0.8273403039920306,0.9005418423127809,0.5819876952473779,0.8603834844182798
1,F1,0.8484848484848485,0.8888888888888888,0.9382716049382716,0.782608695652174,0.8709677419354839
2,Accuracy,80.3921568627451,85.71428571428571,91.22807017543859,69.38775510204081,85.18518518518519
