,Metric,"Transformer (seed 992391276, test 1)","Transformer (seed 992391276, test 2)","Transformer (seed 992391276, test 3)","Transformer (seed 992391276, test 4)","Transformer (seed 992391276, test 5)"
0,gmean,0.778389750115939,0.6929023281557339,0.8563488385776753,0.8563488385776753,0.8006407690254357
1,F1,0.8307692307692308,0.7761194029850748,0.8571428571428571,0.9041095890410958,0.8
2,Accuracy,79.62962962962963,72.22222222222221,85.18518518518519,87.5,80.0
