,Metric,"RNN (seed 965681145, test 1)","RNN (seed 965681145, test 2)","RNN (seed 965681145, test 3)","RNN (seed 965681145, test 4)","RNN (seed 965681145, test 5)"
0,gmean,0.7654139963827327,0.7730823048033113,0.7340095731500618,0.7348094335140691,0.6737716630790093
1,F1,0.8285714285714285,0.8181818181818182,0.8378378378378379,0.8115942028985507,0.7333333333333333
2,Accuracy,78.94736842105263,78.57142857142857,78.57142857142857,76.36363636363637,68.62745098039215
