,Metric,Transformer (seed 305475974),Transformer (seed 369953070),Transformer (seed 879273778),Transformer (seed 965681145),Transformer (seed 992391276)
0,gmean,0.0,0.0,0.0,0.0,0.0
1,F1,0.9666666666666667,0.9666666666666667,0.9491525423728815,0.9666666666666667,0.9666666666666667
2,Accuracy,93.54838709677419,93.54838709677419,90.32258064516128,93.54838709677419,93.54838709677419
