,Metric,LSTM (seed 305475974),LSTM (seed 369953070),LSTM (seed 879273778),LSTM (seed 965681145),LSTM (seed 992391276)
0,gmean,0.8186628805357878,0.7957743731969966,0.7772346547145932,0.8103976521107106,0.7855413626664403
1,F1,0.8746355685131195,0.8685714285714285,0.8454810495626823,0.8688046647230321,0.8513119533527697
2,Accuracy,83.89513108614233,82.77153558052434,80.14981273408239,83.14606741573034,80.89887640449437
