,Metric,"RNN (seed 965681145, test 1)","RNN (seed 965681145, test 2)","RNN (seed 965681145, test 3)","RNN (seed 965681145, test 4)","RNN (seed 965681145, test 5)"
0,gmean,0.7637626158259733,0.7772815877574012,0.7329325225725954,0.7367365530928282,0.7035264706814485
1,F1,0.823529411764706,0.8285714285714286,0.8333333333333333,0.8169014084507041,0.7777777777777778
2,Accuracy,78.57142857142857,79.3103448275862,78.18181818181819,76.78571428571429,72.41379310344827
