,Metric,"MLP (seed 879273778, test 1)","MLP (seed 879273778, test 2)","MLP (seed 879273778, test 3)","MLP (seed 879273778, test 4)","MLP (seed 879273778, test 5)"
0,gmean,0.6589465276604692,0.8219218670625302,0.7302967433402214,0.8495907904857464,0.7372611524884796
1,F1,0.8354430379746836,0.8735632183908046,0.8205128205128205,0.8767123287671234,0.8764044943820225
2,Accuracy,75.92592592592592,83.07692307692308,76.27118644067797,84.7457627118644,82.25806451612904
