,Metric,Transformer (seed 305475974),Transformer (seed 369953070),Transformer (seed 879273778),Transformer (seed 965681145),Transformer (seed 992391276)
0,gmean,0.8089791152015106,0.8065005678330913,0.8309066413744345,0.8332426219223467,0.8107791154581695
1,F1,0.8604651162790697,0.8643678160919541,0.8705882352941176,0.8764568764568764,0.8695652173913043
2,Accuracy,82.14285714285714,82.44047619047619,83.63095238095238,84.22619047619048,83.03571428571429
