,Metric,"Transformer (seed 879273778, test 1)","Transformer (seed 879273778, test 2)","Transformer (seed 879273778, test 3)","Transformer (seed 879273778, test 4)","Transformer (seed 879273778, test 5)"
0,gmean,0.7612788283838284,0.8864052604279183,0.8017837257372732,0.7894228308055838,0.8826015563358003
1,F1,0.8095238095238095,0.9166666666666666,0.8181818181818182,0.8775510204081632,0.924731182795699
2,Accuracy,76.47058823529412,89.04109589041096,78.08219178082192,83.09859154929578,90.0
