,Metric,"Transformer (seed 965681145, test 1)","Transformer (seed 965681145, test 2)","Transformer (seed 965681145, test 3)","Transformer (seed 965681145, test 4)","Transformer (seed 965681145, test 5)"
0,gmean,0.9154754164341269,0.8074408859561952,0.8272941341600244,0.8459222278581026,0.7509208106598617
1,F1,0.9275362318840579,0.8358208955223881,0.8732394366197184,0.8656716417910447,0.7826086956521738
2,Accuracy,91.52542372881356,81.03448275862068,84.21052631578947,84.21052631578947,74.57627118644068
