,Metric,Transformer (seed 305475974),Transformer (seed 369953070),Transformer (seed 879273778),Transformer (seed 965681145),Transformer (seed 992391276)
0,gmean,0.4338609156373123,0.8767140075192094,0.8856148855400953,0.6135719910778964,0.6071469764236599
1,F1,0.9320388349514563,0.9702970297029702,0.9803921568627451,0.9411764705882353,0.9306930693069307
2,Accuracy,87.5,94.64285714285714,96.42857142857143,89.28571428571429,87.5
