,Metric,Transformer (seed 305475974),Transformer (seed 369953070),Transformer (seed 879273778),Transformer (seed 965681145),Transformer (seed 992391276)
0,gmean,0.8025279626136367,0.7858480038205272,0.8051782590476486,0.8250820604183097,0.8069064386008595
1,F1,0.8291139240506329,0.823529411764706,0.826923076923077,0.8481012658227849,0.8430769230769231
2,Accuracy,80.36363636363636,79.27272727272727,80.36363636363636,82.54545454545455,81.45454545454545
