,Metric,"LSTM (seed 992391276, test 1)","LSTM (seed 992391276, test 2)","LSTM (seed 992391276, test 3)","LSTM (seed 992391276, test 4)","LSTM (seed 992391276, test 5)"
0,gmean,0.725389878748302,0.629511580291707,0.8154753215150045,0.8376080835255243,0.7182430061427789
1,F1,0.7555555555555556,0.7272727272727272,0.8,0.8500000000000001,0.7317073170731708
2,Accuracy,73.17073170731707,66.66666666666666,82.5,83.33333333333334,71.7948717948718
