,Metric,"RNN (seed 879273778, test 1)","RNN (seed 879273778, test 2)","RNN (seed 879273778, test 3)","RNN (seed 879273778, test 4)","RNN (seed 879273778, test 5)"
0,gmean,0.8275159265510557,0.7934920476158722,0.7407971974871922,0.7626549102164719,0.7178049194865025
1,F1,0.875,0.8695652173913044,0.7792207792207793,0.88659793814433,0.8571428571428571
2,Accuracy,84.12698412698413,82.6086956521739,73.84615384615385,83.82352941176471,80.0
