,Metric,"LSTM (seed 965681145, test 1)","LSTM (seed 965681145, test 2)","LSTM (seed 965681145, test 3)","LSTM (seed 965681145, test 4)","LSTM (seed 965681145, test 5)"
0,gmean,0.7576767609436587,0.8036375634160796,0.8287754140107481,0.8897565210026093,0.793966482365356
1,F1,0.8266666666666667,0.8493150684931507,0.8767123287671232,0.9166666666666666,0.8378378378378377
2,Accuracy,78.33333333333333,81.66666666666667,84.48275862068965,89.65517241379311,80.0
