,Metric,"Bi-LSTM (seed 369953070, test 1, fold 1)","Bi-LSTM (seed 369953070, test 1, fold 2)","Bi-LSTM (seed 369953070, test 1, fold 3)","Bi-LSTM (seed 369953070, test 1, fold 4)","Bi-LSTM (seed 369953070, test 1, fold 5)","Bi-LSTM (seed 369953070, test 2, fold 1)","Bi-LSTM (seed 369953070, test 2, fold 2)","Bi-LSTM (seed 369953070, test 2, fold 3)","Bi-LSTM (seed 369953070, test 2, fold 4)","Bi-LSTM (seed 369953070, test 2, fold 5)","Bi-LSTM (seed 369953070, test 3, fold 1)","Bi-LSTM (seed 369953070, test 3, fold 2)","Bi-LSTM (seed 369953070, test 3, fold 3)","Bi-LSTM (seed 369953070, test 3, fold 4)","Bi-LSTM (seed 369953070, test 3, fold 5)","Bi-LSTM (seed 369953070, test 4, fold 1)","Bi-LSTM (seed 369953070, test 4, fold 2)","Bi-LSTM (seed 369953070, test 4, fold 3)","Bi-LSTM (seed 369953070, test 4, fold 4)","Bi-LSTM (seed 369953070, test 4, fold 5)","Bi-LSTM (seed 369953070, test 5, fold 1)","Bi-LSTM (seed 369953070, test 5, fold 2)","Bi-LSTM (seed 369953070, test 5, fold 3)","Bi-LSTM (seed 369953070, test 5, fold 4)","Bi-LSTM (seed 369953070, test 5, fold 5)"
0,gmean,0.6712621584563621,0.6887004431501819,0.7331776095289766,0.7504939085158303,0.6887004431501819,0.7390976450199422,0.7971521216284395,0.8137612413107003,0.8519110918172177,0.814445937469956,0.7952427724875442,0.8148813536665075,0.7818763957859451,0.7438814984891521,0.8059397415006728,0.6998964726756152,0.656075287302224,0.6724387801454332,0.5897678246195885,0.601929265428846,0.7859990370321956,0.7994358913389505,0.7994358913389505,0.8126506029692377,0.8309489698388166
1,F1,0.7307692307692307,0.6818181818181818,0.7391304347826088,0.7755102040816326,0.7547169811320754,0.8433734939759037,0.8219178082191781,0.8571428571428572,0.8611111111111112,0.875,0.8571428571428571,0.8484848484848486,0.8405797101449276,0.7368421052631579,0.8529411764705883,0.7878787878787877,0.7826086956521738,0.7500000000000001,0.7164179104477612,0.7352941176470588,0.8169014084507042,0.8333333333333333,0.8333333333333333,0.8493150684931505,0.8405797101449276
2,Accuracy,68.88888888888889,68.88888888888889,73.33333333333333,75.55555555555556,71.11111111111111,79.03225806451613,79.03225806451613,82.25806451612904,83.87096774193549,83.87096774193549,82.14285714285714,82.14285714285714,80.35714285714286,73.21428571428571,82.14285714285714,73.58490566037736,71.69811320754717,69.81132075471697,64.15094339622641,66.0377358490566,77.96610169491525,79.66101694915254,79.66101694915254,81.35593220338984,81.35593220338984
