,Metric,"RNN (seed 992391276, test 1)","RNN (seed 992391276, test 2)","RNN (seed 992391276, test 3)","RNN (seed 992391276, test 4)","RNN (seed 992391276, test 5)"
0,gmean,0.7526635789342987,0.6135719910778964,0.7745966692414834,0.6780635036208104,0.6267831705280088
1,F1,0.7931034482758621,0.7407407407407408,0.8000000000000002,0.8196721311475409,0.7118644067796611
2,Accuracy,76.0,66.66666666666666,77.77777777777779,75.0,65.3061224489796
