,Metric,"Bi-LSTM (seed 305475974, test 1)","Bi-LSTM (seed 305475974, test 2)","Bi-LSTM (seed 305475974, test 3)","Bi-LSTM (seed 305475974, test 4)","Bi-LSTM (seed 305475974, test 5)"
0,gmean,0.7745966692414834,0.7514691493021795,0.8124213497330888,0.796084166404533,0.828078671210825
1,F1,0.8674698795180723,0.8311688311688312,0.8405797101449275,0.9069767441860466,0.888888888888889
2,Accuracy,81.9672131147541,77.19298245614034,80.35714285714286,86.66666666666667,85.24590163934425
