,Metric,Transformer (seed 305475974),Transformer (seed 369953070),Transformer (seed 879273778),Transformer (seed 965681145),Transformer (seed 992391276)
0,gmean,0.8070291888556478,0.8040454614735555,0.8268393410009016,0.8307061088165788,0.8079772475682409
1,F1,0.8645161290322582,0.8680851063829789,0.8714596949891068,0.8793103448275862,0.8728813559322034
2,Accuracy,82.25352112676056,82.53521126760563,83.38028169014085,84.22535211267605,83.09859154929578
