,Metric,"Bi-LSTM (seed 369953070, test 1)","Bi-LSTM (seed 369953070, test 2)","Bi-LSTM (seed 369953070, test 3)","Bi-LSTM (seed 369953070, test 4)","Bi-LSTM (seed 369953070, test 5)"
0,gmean,0.8451542547285166,0.9128709291752769,0.8660254037844386,0.8485281374238571,0.9534625892455924
1,F1,0.8333333333333333,0.9090909090909091,0.8571428571428571,0.9,0.9523809523809523
2,Accuracy,80.0,85.71428571428571,85.71428571428571,86.66666666666667,92.3076923076923
