,Metric,Bi-LSTM (seed 305475974),Bi-LSTM (seed 369953070),Bi-LSTM (seed 879273778),Bi-LSTM (seed 965681145),Bi-LSTM (seed 992391276)
0,gmean,0.5928871321888776,0.6030226891555273,0.7507571935295483,0.7507571935295483,0.6030226891555273
1,F1,0.9133858267716536,0.9302325581395349,0.9538461538461539,0.9538461538461539,0.9302325581395349
2,Accuracy,84.50704225352112,87.32394366197182,91.54929577464789,91.54929577464789,87.32394366197182
