,Metric,"MLP (seed 992391276, test 1)","MLP (seed 992391276, test 2)","MLP (seed 992391276, test 3)","MLP (seed 992391276, test 4)","MLP (seed 992391276, test 5)"
0,gmean,0.6614378277661477,0.6304251719561152,0.779460159042708,0.7156264473321344,0.711024300256718
1,F1,0.8045977011494252,0.7560975609756098,0.8148148148148148,0.8387096774193549,0.8571428571428572
2,Accuracy,73.4375,68.25396825396825,77.61194029850746,77.61194029850746,79.71014492753623
