,Metric,"MLP (seed 879273778, test 1)","MLP (seed 879273778, test 2)","MLP (seed 879273778, test 3)","MLP (seed 879273778, test 4)","MLP (seed 879273778, test 5)"
0,gmean,0.6731190421101297,0.8141195843820602,0.7040784727049221,0.8412999715099778,0.7700316343818077
1,F1,0.8048780487804879,0.8571428571428572,0.7631578947368421,0.8641975308641974,0.8705882352941177
2,Accuracy,73.77049180327869,82.08955223880598,71.42857142857143,83.33333333333334,82.53968253968253
