,Metric,"Bi-LSTM (seed 965681145, test 1)","Bi-LSTM (seed 965681145, test 2)","Bi-LSTM (seed 965681145, test 3)","Bi-LSTM (seed 965681145, test 4)","Bi-LSTM (seed 965681145, test 5)"
0,gmean,0.8015247098281602,0.8268688657895648,0.8226963402694113,0.8731533051044793,0.8033360674146919
1,F1,0.8764044943820224,0.8735632183908046,0.8809523809523809,0.9213483146067416,0.8604651162790697
2,Accuracy,83.5820895522388,83.82352941176471,84.61538461538461,89.39393939393939,82.08955223880598
