,Metric,"RNN (seed 965681145, test 1)","RNN (seed 965681145, test 2)","RNN (seed 965681145, test 3)","RNN (seed 965681145, test 4)","RNN (seed 965681145, test 5)"
0,gmean,0.7626132357679226,0.7352146220938077,0.7117435966472906,0.731247032282677,0.7359800721939873
1,F1,0.860759493670886,0.8108108108108109,0.823529411764706,0.8536585365853658,0.8219178082191781
2,Accuracy,81.03448275862068,75.86206896551724,76.47058823529412,79.3103448275862,76.78571428571429
