,Metric,"LSTM (seed 369953070, test 1)","LSTM (seed 369953070, test 2)","LSTM (seed 369953070, test 3)","LSTM (seed 369953070, test 4)","LSTM (seed 369953070, test 5)"
0,gmean,0.7781966731564722,0.8414716478655063,0.8740073734751262,0.588713725788415,0.8661930270132966
1,F1,0.8387096774193549,0.8941176470588236,0.9041095890410958,0.775,0.883116883116883
2,Accuracy,80.3921568627451,86.15384615384616,88.33333333333333,68.96551724137932,85.48387096774194
