,Metric,"Bi-LSTM (seed 965681145, test 1)","Bi-LSTM (seed 965681145, test 2)","Bi-LSTM (seed 965681145, test 3)","Bi-LSTM (seed 965681145, test 4)","Bi-LSTM (seed 965681145, test 5)"
0,gmean,0.8024583440524461,0.8208281581721152,0.818665234364723,0.8643121965600912,0.806225774829855
1,F1,0.8791208791208791,0.8695652173913044,0.8842105263157894,0.9130434782608695,0.8666666666666667
2,Accuracy,83.82352941176471,83.09859154929578,84.50704225352112,88.23529411764706,82.6086956521739
