,Metric,"LSTM (seed 369953070, test 1)","LSTM (seed 369953070, test 2)","LSTM (seed 369953070, test 3)","LSTM (seed 369953070, test 4)","LSTM (seed 369953070, test 5)"
0,gmean,0.7831560082980487,0.8215838362577492,0.8850612031567836,0.5733198515435455,0.8660254037844386
1,F1,0.8846153846153846,0.8910891089108911,0.9306930693069307,0.7924528301886793,0.8936170212765957
2,Accuracy,83.78378378378379,85.13513513513513,90.54054054054053,69.86301369863014,86.3013698630137
