,Metric,"LSTM (seed 369953070, test 1)","LSTM (seed 369953070, test 2)","LSTM (seed 369953070, test 3)","LSTM (seed 369953070, test 4)","LSTM (seed 369953070, test 5)"
0,gmean,0.763985254692625,0.816496580927726,0.9013878188659973,0.5773502691896257,0.8658290038717681
1,F1,0.868421052631579,0.8799999999999999,0.9397590361445782,0.7894736842105263,0.8787878787878788
2,Accuracy,82.14285714285714,84.48275862068965,91.37931034482759,69.81132075471697,85.71428571428571
