,Metric,"RNN (seed 992391276, test 1)","RNN (seed 992391276, test 2)","RNN (seed 992391276, test 3)","RNN (seed 992391276, test 4)","RNN (seed 992391276, test 5)"
0,gmean,0.7733088933397007,0.6330953455832622,0.7984359711335656,0.6847682549777042,0.6473388749701497
1,F1,0.8470588235294119,0.8048780487804877,0.8607594936708861,0.8378378378378378,0.7804878048780488
2,Accuracy,79.6875,72.41379310344827,81.66666666666667,76.92307692307693,70.49180327868852
