,Metric,"Transformer (seed 965681145, test 1)","Transformer (seed 965681145, test 2)","Transformer (seed 965681145, test 3)","Transformer (seed 965681145, test 4)","Transformer (seed 965681145, test 5)"
0,gmean,0.90267093384844,0.7886848607167565,0.8161765744169329,0.842268119078233,0.6926166421990929
1,F1,0.9056603773584906,0.7999999999999999,0.847457627118644,0.8518518518518519,0.6938775510204083
2,Accuracy,90.19607843137256,78.84615384615384,82.35294117647058,84.0,68.75
