,Metric,"Bi-LSTM (seed 879273778, test 1)","Bi-LSTM (seed 879273778, test 2)","Bi-LSTM (seed 879273778, test 3)","Bi-LSTM (seed 879273778, test 4)","Bi-LSTM (seed 879273778, test 5)"
0,gmean,0.8145649563128345,0.7582875444051551,0.778705964227451,0.8238891044509619,0.8366600265340756
1,F1,0.8666666666666666,0.8761904761904761,0.8181818181818182,0.9,0.9032258064516129
2,Accuracy,82.6086956521739,82.43243243243244,77.46478873239437,86.11111111111111,86.95652173913044
