,Metric,"RNN (seed 992391276, test 1)","RNN (seed 992391276, test 2)","RNN (seed 992391276, test 3)","RNN (seed 992391276, test 4)","RNN (seed 992391276, test 5)"
0,gmean,0.7764257076067382,0.6302556800396345,0.8112726208286105,0.7359800721939872,0.6351132137865194
1,F1,0.8510638297872339,0.8041237113402062,0.8775510204081631,0.8712871287128713,0.7526881720430109
2,Accuracy,80.28169014084507,72.46376811594203,83.56164383561644,81.42857142857143,67.6056338028169
