,Metric,"Bi-LSTM (seed 992391276, test 1, fold 1)","Bi-LSTM (seed 992391276, test 1, fold 2)","Bi-LSTM (seed 992391276, test 1, fold 3)","Bi-LSTM (seed 992391276, test 1, fold 4)","Bi-LSTM (seed 992391276, test 1, fold 5)","Bi-LSTM (seed 992391276, test 2, fold 1)","Bi-LSTM (seed 992391276, test 2, fold 2)","Bi-LSTM (seed 992391276, test 2, fold 3)","Bi-LSTM (seed 992391276, test 2, fold 4)","Bi-LSTM (seed 992391276, test 2, fold 5)","Bi-LSTM (seed 992391276, test 3, fold 1)","Bi-LSTM (seed 992391276, test 3, fold 2)","Bi-LSTM (seed 992391276, test 3, fold 3)","Bi-LSTM (seed 992391276, test 3, fold 4)","Bi-LSTM (seed 992391276, test 3, fold 5)","Bi-LSTM (seed 992391276, test 4, fold 1)","Bi-LSTM (seed 992391276, test 4, fold 2)","Bi-LSTM (seed 992391276, test 4, fold 3)","Bi-LSTM (seed 992391276, test 4, fold 4)","Bi-LSTM (seed 992391276, test 4, fold 5)","Bi-LSTM (seed 992391276, test 5, fold 1)","Bi-LSTM (seed 992391276, test 5, fold 2)","Bi-LSTM (seed 992391276, test 5, fold 3)","Bi-LSTM (seed 992391276, test 5, fold 4)","Bi-LSTM (seed 992391276, test 5, fold 5)"
0,gmean,0.34523332184426797,0.6988362419217079,0.8253493505101926,0.8247621221537365,0.8247621221537365,0.5773502691896257,0.6009252125773316,0.5853140973807077,0.6324555320336759,0.5773502691896258,0.7989354619369612,0.8942289360510104,0.8447795465501656,0.8310251722297181,0.8315583934409704,0.8157065501854658,0.7630236097353342,0.6784896185468293,0.74376843799781,0.7898044710651534,0.8099557819994412,0.8050153075501552,0.778705964227451,0.7860711172778452,0.7561802104249342
1,F1,0.780952380952381,0.8089887640449438,0.8705882352941177,0.8863636363636364,0.8863636363636364,0.7999999999999999,0.7959183673469387,0.7708333333333334,0.7741935483870969,0.7578947368421052,0.8602150537634409,0.9111111111111112,0.8433734939759036,0.8817204301075269,0.8666666666666666,0.8958333333333333,0.8775510204081632,0.7,0.88,0.8865979381443299,0.8409090909090909,0.8865979381443299,0.8351648351648351,0.8631578947368421,0.8686868686868686
2,Accuracy,65.67164179104478,74.6268656716418,83.5820895522388,85.07462686567165,85.07462686567165,71.01449275362319,71.01449275362319,68.11594202898551,69.56521739130434,66.66666666666666,81.69014084507043,88.73239436619718,81.69014084507043,84.50704225352112,83.09859154929578,85.5072463768116,82.6086956521739,65.21739130434783,82.6086956521739,84.05797101449275,80.28169014084507,84.50704225352112,78.87323943661971,81.69014084507043,81.69014084507043
