,Metric,"Transformer (seed 369953070, test 1)","Transformer (seed 369953070, test 2)","Transformer (seed 369953070, test 3)","Transformer (seed 369953070, test 4)","Transformer (seed 369953070, test 5)"
0,gmean,0.7518094115561123,0.8309856102237733,0.7912565680749445,0.6382847385042254,0.8061389110926175
1,F1,0.7222222222222223,0.84375,0.8135593220338982,0.7419354838709677,0.8529411764705882
2,Accuracy,76.74418604651163,82.45614035087719,79.24528301886792,68.0,81.81818181818183
