,Metric,"LSTM (seed 305475974, test 1)","LSTM (seed 305475974, test 2)","LSTM (seed 305475974, test 3)","LSTM (seed 305475974, test 4)","LSTM (seed 305475974, test 5)"
0,gmean,0.838870492807861,0.8159164767117386,0.8405484751817915,0.7672264096317094,0.8376780679082779
1,F1,0.8888888888888888,0.8604651162790699,0.8764044943820224,0.8705882352941177,0.8863636363636365
2,Accuracy,85.5072463768116,82.35294117647058,84.28571428571429,82.25806451612904,85.29411764705883
