,Metric,"Transformer (seed 305475974, test 1)","Transformer (seed 305475974, test 2)","Transformer (seed 305475974, test 3)","Transformer (seed 305475974, test 4)","Transformer (seed 305475974, test 5)"
0,gmean,0.8451542547285166,0.7437684379978099,0.865042958313569,0.7972779778176765,0.7905694150420949
1,F1,0.8842105263157894,0.8297872340425532,0.9072164948453607,0.8686868686868686,0.851063829787234
2,Accuracy,84.93150684931507,77.46478873239437,87.67123287671232,82.1917808219178,80.55555555555556
