,Metric,"Bi-LSTM (seed 965681145, test 1)","Bi-LSTM (seed 965681145, test 2)","Bi-LSTM (seed 965681145, test 3)","Bi-LSTM (seed 965681145, test 4)","Bi-LSTM (seed 965681145, test 5)"
0,gmean,0.7626132357679226,0.7989697355673983,0.8029550685469662,0.8897565210026093,0.82915619758885
1,F1,0.860759493670886,0.8493150684931507,0.8615384615384615,0.9382716049382716,0.8918918918918918
2,Accuracy,81.03448275862068,81.03448275862068,82.35294117647058,91.37931034482759,85.71428571428571
