,Metric,"LSTM (seed 992391276, test 1)","LSTM (seed 992391276, test 2)","LSTM (seed 992391276, test 3)","LSTM (seed 992391276, test 4)","LSTM (seed 992391276, test 5)"
0,gmean,0.7664191894673175,0.6698641270570836,0.9080817160921011,0.8879963679019833,0.7708455737375188
1,F1,0.8292682926829268,0.813953488372093,0.9135802469135803,0.9230769230769231,0.8631578947368421
2,Accuracy,78.46153846153847,74.60317460317461,89.55223880597015,89.70588235294117,81.42857142857143
