,Metric,Bi-LSTM (seed 305475974),Bi-LSTM (seed 369953070),Bi-LSTM (seed 879273778),Bi-LSTM (seed 965681145),Bi-LSTM (seed 992391276)
0,gmean,0.7998721707650321,0.7915543831629084,0.807454067001939,0.8250864285102721,0.7775387230817392
1,F1,0.8695652173913044,0.8711656441717791,0.8788501026694044,0.8888888888888888,0.8577319587628867
2,Accuracy,82.5,82.5,83.61111111111111,85.0,80.83333333333333
