,Metric,Bi-LSTM (seed 305475974),Bi-LSTM (seed 369953070),Bi-LSTM (seed 879273778),Bi-LSTM (seed 965681145),Bi-LSTM (seed 992391276)
0,gmean,0.7483314773547882,0.7694153624668538,0.8763560920082658,0.8824209124146292,0.758946638440411
1,F1,0.9523809523809524,0.9801324503311258,0.9729729729729729,0.9798657718120806,0.9664429530201343
2,Accuracy,91.25,96.25,95.0,96.25,93.75
