,Metric,"RNN (seed 965681145, test 1)","RNN (seed 965681145, test 2)","RNN (seed 965681145, test 3)","RNN (seed 965681145, test 4)","RNN (seed 965681145, test 5)"
0,gmean,0.7831560082980487,0.7713624310270756,0.7325753658611971,0.7661308776828738,0.6900655593423543
1,F1,0.8846153846153846,0.8484848484848485,0.8679245283018867,0.8737864077669903,0.8080808080808082
2,Accuracy,83.78378378378379,79.72972972972973,81.08108108108108,82.1917808219178,73.97260273972603
