,Metric,"RNN (seed 305475974, test 1)","RNN (seed 305475974, test 2)","RNN (seed 305475974, test 3)","RNN (seed 305475974, test 4)","RNN (seed 305475974, test 5)"
0,gmean,0.7488121527992918,0.6926745121613612,0.8275159265510557,0.6059149009001735,0.8013366759530134
1,F1,0.7719298245614034,0.7169811320754716,0.8400000000000001,0.7118644067796609,0.8421052631578947
2,Accuracy,75.0,69.38775510204081,82.97872340425532,64.58333333333334,81.63265306122449
