,Metric,"MLP (seed 965681145, test 1)","MLP (seed 965681145, test 2)","MLP (seed 965681145, test 3)","MLP (seed 965681145, test 4)","MLP (seed 965681145, test 5)"
0,gmean,0.8145314840210527,0.7000566870471027,0.6369472147564231,0.7207499701564473,0.7056681087273229
1,F1,0.8059701492537313,0.8351648351648353,0.8314606741573034,0.7692307692307692,0.8139534883720929
2,Accuracy,79.36507936507937,77.27272727272727,75.80645161290323,71.875,75.38461538461539
