,Metric,LSTM (seed 305475974),LSTM (seed 369953070),LSTM (seed 879273778),LSTM (seed 965681145),LSTM (seed 992391276)
0,gmean,0.8188998137363092,0.7976260527771013,0.7916496979396458,0.8166469901729787,0.8006997676452443
1,F1,0.8695652173913043,0.868544600938967,0.8537170263788969,0.8701923076923077,0.861244019138756
2,Accuracy,83.38461538461537,82.76923076923077,81.23076923076923,83.38461538461537,82.15384615384616
