,Metric,"LSTM (seed 992391276, test 1)","LSTM (seed 992391276, test 2)","LSTM (seed 992391276, test 3)","LSTM (seed 992391276, test 4)","LSTM (seed 992391276, test 5)"
0,gmean,0.7664191894673175,0.6698641270570836,0.9063269671749657,0.8839599998785473,0.7573925077875494
1,F1,0.8292682926829268,0.813953488372093,0.9113924050632912,0.9156626506024096,0.8409090909090908
2,Accuracy,78.46153846153847,74.60317460317461,89.39393939393939,89.0625,79.1044776119403
