,Metric,"MLP (seed 992391276, test 1)","MLP (seed 992391276, test 2)","MLP (seed 992391276, test 3)","MLP (seed 992391276, test 4)","MLP (seed 992391276, test 5)"
0,gmean,0.6634888026970371,0.642824346533225,0.7377471337344071,0.7258300546909606,0.711024300256718
1,F1,0.7714285714285714,0.7352941176470589,0.7457627118644067,0.8470588235294119,0.8115942028985509
2,Accuracy,70.9090909090909,67.27272727272727,73.21428571428571,78.68852459016394,75.92592592592592
