,Metric,"MLP (seed 879273778, test 1)","MLP (seed 879273778, test 2)","MLP (seed 879273778, test 3)","MLP (seed 879273778, test 4)","MLP (seed 879273778, test 5)"
0,gmean,0.6828140066098319,0.8154753215150045,0.7168604389202189,0.8529920198808891,0.7735659346940951
1,F1,0.8400000000000001,0.8659793814432989,0.7956989247311829,0.8817204301075268,0.8910891089108911
2,Accuracy,77.14285714285715,82.43243243243244,73.61111111111111,84.72222222222221,84.50704225352112
