,Metric,"Transformer (seed 992391276, test 1)","Transformer (seed 992391276, test 2)","Transformer (seed 992391276, test 3)","Transformer (seed 992391276, test 4)","Transformer (seed 992391276, test 5)"
0,gmean,0.7731113434850683,0.7372444721832141,0.8270429251254133,0.8262920916296217,0.7975302011640107
1,F1,0.8387096774193549,0.8076923076923077,0.8260869565217391,0.9,0.8148148148148148
2,Accuracy,80.0,76.19047619047619,82.22222222222221,86.36363636363636,79.59183673469387
