,Metric,"Bi-LSTM (seed 965681145, test 1)","Bi-LSTM (seed 965681145, test 2)","Bi-LSTM (seed 965681145, test 3)","Bi-LSTM (seed 965681145, test 4)","Bi-LSTM (seed 965681145, test 5)"
0,gmean,0.7984359711335657,0.8253493505101926,0.8086075400626399,0.8716308047219647,0.8033360674146919
1,F1,0.8674698795180723,0.8705882352941177,0.8607594936708861,0.9176470588235294,0.8604651162790697
2,Accuracy,82.8125,83.5820895522388,82.53968253968253,89.0625,82.08955223880598
