,Metric,"Transformer (seed 369953070, test 1)","Transformer (seed 369953070, test 2)","Transformer (seed 369953070, test 3)","Transformer (seed 369953070, test 4)","Transformer (seed 369953070, test 5)"
0,gmean,0.8392069427041979,0.8629489272626913,0.8100925873009825,0.6501147133744983,0.8328720726066298
1,F1,0.8571428571428571,0.888888888888889,0.875,0.8172043010752689,0.8863636363636365
2,Accuracy,83.07692307692308,85.91549295774648,83.33333333333334,74.24242424242425,85.07462686567165
