,Metric,LSTM (seed 305475974),LSTM (seed 369953070),LSTM (seed 879273778),LSTM (seed 965681145),LSTM (seed 992391276)
0,gmean,0.8503392987960295,0.8770580193070292,0.8770580193070292,0.8770580193070292,0.8682431421244592
1,F1,0.9400000000000001,0.970873786407767,0.970873786407767,0.970873786407767,0.9607843137254902
2,Accuracy,89.47368421052632,94.73684210526315,94.73684210526315,94.73684210526315,92.98245614035088
