,Metric,"RNN (seed 369953070, test 1)","RNN (seed 369953070, test 2)","RNN (seed 369953070, test 3)","RNN (seed 369953070, test 4)","RNN (seed 369953070, test 5)"
0,gmean,0.7694837640638655,0.7264831572567789,0.6873992511608185,0.543739067856121,0.7840678454373295
1,F1,0.8108108108108109,0.8260869565217391,0.8282828282828283,0.7640449438202247,0.8636363636363636
2,Accuracy,77.41935483870968,76.81159420289855,76.05633802816901,66.66666666666666,81.81818181818183
