,Metric,"Transformer (seed 879273778, test 1)","Transformer (seed 879273778, test 2)","Transformer (seed 879273778, test 3)","Transformer (seed 879273778, test 4)","Transformer (seed 879273778, test 5)"
0,gmean,0.8451542547285166,0.8660254037844386,0.6123724356957945,0.6396021490668313,1.0
1,F1,0.8695652173913043,0.9090909090909091,0.625,0.8571428571428572,1.0
2,Accuracy,84.21052631578947,88.88888888888889,57.14285714285714,76.92307692307693,100.0
