,Metric,"RNN (seed 992391276, test 1)","RNN (seed 992391276, test 2)","RNN (seed 992391276, test 3)","RNN (seed 992391276, test 4)","RNN (seed 992391276, test 5)"
0,gmean,0.7518094115561123,0.6098367211363063,0.795495128834866,0.7358419766730805,0.6157651067303721
1,F1,0.8,0.7500000000000001,0.8307692307692308,0.8604651162790697,0.6774193548387096
2,Accuracy,76.36363636363637,67.27272727272727,80.35714285714286,80.32786885245902,62.96296296296296
