,Metric,Bi-LSTM (seed 305475974),Bi-LSTM (seed 369953070),Bi-LSTM (seed 879273778),Bi-LSTM (seed 965681145),Bi-LSTM (seed 992391276)
0,gmean,0.7998143225513117,0.7855731661417932,0.7950956127993808,0.8171677660644335,0.772973504253226
1,F1,0.848314606741573,0.841225626740947,0.84593837535014,0.8627450980392157,0.8291316526610645
2,Accuracy,81.37931034482759,80.3448275862069,81.03448275862068,83.10344827586206,78.96551724137932
