,Metric,"Bi-LSTM (seed 305475974, test 1)","Bi-LSTM (seed 305475974, test 2)","Bi-LSTM (seed 305475974, test 3)","Bi-LSTM (seed 305475974, test 4)","Bi-LSTM (seed 305475974, test 5)"
0,gmean,0.7895146188218007,0.8154753215150045,0.8154753215150045,0.7132290320604686,0.8335033840102045
1,F1,0.8712871287128714,0.8659793814432989,0.8659793814432989,0.8571428571428572,0.8865979381443299
2,Accuracy,82.43243243243244,82.43243243243244,82.43243243243244,79.45205479452055,84.93150684931507
