,Metric,LSTM (seed 305475974),LSTM (seed 369953070),LSTM (seed 879273778),LSTM (seed 965681145),LSTM (seed 992391276)
0,gmean,0.817874635209406,0.8422941644458065,0.8422941644458065,0.8422941644458065,0.8422941644458065
1,F1,0.9295774647887325,0.9589041095890412,0.9589041095890412,0.9589041095890412,0.9589041095890412
2,Accuracy,87.8048780487805,92.6829268292683,92.6829268292683,92.6829268292683,92.6829268292683
