,Metric,"Transformer (seed 992391276, test 1)","Transformer (seed 992391276, test 2)","Transformer (seed 992391276, test 3)","Transformer (seed 992391276, test 4)","Transformer (seed 992391276, test 5)"
0,gmean,0.7911820221972071,0.6851601597031488,0.8832563863180561,0.8505317485662419,0.8208281581721152
1,F1,0.8636363636363636,0.8210526315789474,0.898876404494382,0.9166666666666666,0.853932584269663
2,Accuracy,82.08955223880598,75.36231884057972,87.32394366197182,88.40579710144928,81.69014084507043
