,Metric,"RNN (seed 965681145, test 1)","RNN (seed 965681145, test 2)","RNN (seed 965681145, test 3)","RNN (seed 965681145, test 4)","RNN (seed 965681145, test 5)"
0,gmean,0.7710996009560597,0.7741827783921407,0.7312470322826768,0.7448345821580485,0.680937011532795
1,F1,0.8461538461538461,0.8354430379746836,0.8354430379746837,0.8395061728395062,0.7749999999999999
2,Accuracy,80.32786885245902,79.36507936507937,78.33333333333333,78.68852459016394,71.42857142857143
