,Metric,Transformer (seed 305475974),Transformer (seed 369953070),Transformer (seed 879273778),Transformer (seed 965681145),Transformer (seed 992391276)
0,gmean,0.43805466769787066,0.8822575465125693,0.8822575465125693,0.6151246852292456,0.6107151324250718
1,F1,0.9530201342281879,0.979591836734694,0.979591836734694,0.9523809523809523,0.9452054794520548
2,Accuracy,91.13924050632912,96.20253164556962,96.20253164556962,91.13924050632912,89.87341772151899
