,Metric,"RNN (seed 879273778, test 1)","RNN (seed 879273778, test 2)","RNN (seed 879273778, test 3)","RNN (seed 879273778, test 4)","RNN (seed 879273778, test 5)"
0,gmean,0.8376780679082779,0.7884152709427833,0.7319250547113999,0.7637626158259734,0.7198027104901631
1,F1,0.8863636363636365,0.8686868686868686,0.7777777777777778,0.8932038834951457,0.8712871287128713
2,Accuracy,85.29411764705883,82.1917808219178,72.6027397260274,84.50704225352112,81.42857142857143
