,Metric,"MLP (seed 879273778, test 1)","MLP (seed 879273778, test 2)","MLP (seed 879273778, test 3)","MLP (seed 879273778, test 4)","MLP (seed 879273778, test 5)"
0,gmean,0.6790226724392582,0.8176298175326769,0.7043607250604991,0.8455624432356418,0.7719651757418463
1,F1,0.826086956521739,0.8636363636363636,0.7710843373493975,0.8705882352941177,0.8817204301075269
2,Accuracy,75.75757575757575,82.6086956521739,71.64179104477611,83.82352941176471,83.5820895522388
