,Metric,"MLP (seed 965681145, test 1)","MLP (seed 965681145, test 2)","MLP (seed 965681145, test 3)","MLP (seed 965681145, test 4)","MLP (seed 965681145, test 5)"
0,gmean,0.780927963930403,0.6950597874342236,0.6356417261637283,0.7009996372327816,0.6990985186214735
1,F1,0.7636363636363637,0.8148148148148148,0.810126582278481,0.7352941176470588,0.7948717948717948
2,Accuracy,77.19298245614034,75.40983606557377,73.68421052631578,69.49152542372882,73.77049180327869
