,Metric,"Bi-LSTM (seed 369953070, test 1)","Bi-LSTM (seed 369953070, test 2)","Bi-LSTM (seed 369953070, test 3)","Bi-LSTM (seed 369953070, test 4)","Bi-LSTM (seed 369953070, test 5)"
0,gmean,0.7489308618940976,0.838870492807861,0.8731616960894073,0.6079187588743288,0.8532339005095652
1,F1,0.8433734939759037,0.8888888888888888,0.9148936170212766,0.7816091954022989,0.878048780487805
2,Accuracy,79.36507936507937,85.5072463768116,88.73239436619718,69.84126984126983,84.84848484848484
