,Metric,"RNN (seed 965681145, test 1)","RNN (seed 965681145, test 2)","RNN (seed 965681145, test 3)","RNN (seed 965681145, test 4)","RNN (seed 965681145, test 5)"
0,gmean,0.8660254037844386,0.9486832980505138,0.7745966692414834,0.8660254037844386,0.4472135954999579
1,F1,0.9473684210526316,0.9473684210526316,0.923076923076923,0.9090909090909091,0.761904761904762
2,Accuracy,92.3076923076923,92.3076923076923,88.23529411764706,88.88888888888889,64.28571428571429
