,Metric,"Bi-LSTM (seed 305475974, test 1, fold 1)","Bi-LSTM (seed 305475974, test 1, fold 2)","Bi-LSTM (seed 305475974, test 1, fold 3)","Bi-LSTM (seed 305475974, test 1, fold 4)","Bi-LSTM (seed 305475974, test 1, fold 5)","Bi-LSTM (seed 305475974, test 2, fold 1)","Bi-LSTM (seed 305475974, test 2, fold 2)","Bi-LSTM (seed 305475974, test 2, fold 3)","Bi-LSTM (seed 305475974, test 2, fold 4)","Bi-LSTM (seed 305475974, test 2, fold 5)","Bi-LSTM (seed 305475974, test 3, fold 1)","Bi-LSTM (seed 305475974, test 3, fold 2)","Bi-LSTM (seed 305475974, test 3, fold 3)","Bi-LSTM (seed 305475974, test 3, fold 4)","Bi-LSTM (seed 305475974, test 3, fold 5)","Bi-LSTM (seed 305475974, test 4, fold 1)","Bi-LSTM (seed 305475974, test 4, fold 2)","Bi-LSTM (seed 305475974, test 4, fold 3)","Bi-LSTM (seed 305475974, test 4, fold 4)","Bi-LSTM (seed 305475974, test 4, fold 5)","Bi-LSTM (seed 305475974, test 5, fold 1)","Bi-LSTM (seed 305475974, test 5, fold 2)","Bi-LSTM (seed 305475974, test 5, fold 3)","Bi-LSTM (seed 305475974, test 5, fold 4)","Bi-LSTM (seed 305475974, test 5, fold 5)"
0,gmean,0.7749474035448274,0.6846531968814576,0.6876235066928135,0.713800300900201,0.6993786061802353,0.6632365324280728,0.7039894693960471,0.7060692064806224,0.6956083436402524,0.7734600630984195,0.8359173188630292,0.8588234042872568,0.8359173188630292,0.7721873425053442,0.795952493978634,0.7169281790988647,0.7502913187136466,0.6637465183030646,0.7095748751868992,0.6571287406727709,0.7791937224739796,0.795952493978634,0.7049073768502414,0.7223151185146152,0.7791937224739796
1,F1,0.8125,0.7301587301587302,0.8055555555555555,0.7692307692307692,0.75,0.7575757575757576,0.787878787878788,0.7142857142857142,0.7333333333333333,0.7999999999999999,0.8620689655172413,0.8771929824561403,0.8620689655172413,0.8135593220338982,0.8275862068965518,0.7636363636363636,0.8070175438596492,0.7368421052631579,0.7199999999999999,0.7037037037037038,0.8070175438596492,0.8275862068965518,0.7272727272727273,0.7868852459016394,0.8070175438596492
2,Accuracy,78.18181818181819,69.0909090909091,74.54545454545455,72.72727272727273,70.9090909090909,69.81132075471697,73.58490566037736,69.81132075471697,69.81132075471697,77.35849056603774,84.31372549019608,86.27450980392157,84.31372549019608,78.43137254901961,80.3921568627451,72.91666666666666,77.08333333333334,68.75,70.83333333333334,66.66666666666666,78.43137254901961,80.3921568627451,70.58823529411765,74.50980392156863,78.43137254901961
