,Metric,Bi-LSTM (seed 305475974),Bi-LSTM (seed 369953070),Bi-LSTM (seed 879273778),Bi-LSTM (seed 965681145),Bi-LSTM (seed 992391276)
0,gmean,0.7983212780393686,0.7901832339620366,0.8061099627521434,0.8238229701365923,0.7759213925837578
1,F1,0.8662420382165605,0.8679245283018868,0.8757894736842106,0.8860759493670887,0.854122621564482
2,Accuracy,82.20338983050848,82.20338983050848,83.33333333333334,84.7457627118644,80.50847457627118
