,Metric,"Transformer (seed 305475974, test 1)","Transformer (seed 305475974, test 2)","Transformer (seed 305475974, test 3)","Transformer (seed 305475974, test 4)","Transformer (seed 305475974, test 5)"
0,gmean,0.8388704928078611,0.7385489458759964,0.8618315515159594,0.7984359711335656,0.8033360674146919
1,F1,0.8735632183908046,0.8181818181818182,0.9010989010989011,0.8461538461538461,0.8604651162790697
2,Accuracy,84.05797101449275,76.47058823529412,87.14285714285714,80.64516129032258,82.08955223880598
