,Metric,"MLP (seed 879273778, test 1)","MLP (seed 879273778, test 2)","MLP (seed 879273778, test 3)","MLP (seed 879273778, test 4)","MLP (seed 879273778, test 5)"
0,gmean,0.6718710131470251,0.7776522892681231,0.6900655593423543,0.8048150549829897,0.7676103107863972
1,F1,0.7619047619047619,0.7727272727272727,0.7352941176470589,0.8135593220338982,0.8333333333333334
2,Accuracy,70.58823529411765,77.77777777777779,69.49152542372882,79.62962962962963,79.59183673469387
