,Metric,"Bi-LSTM (seed 305475974, test 1)","Bi-LSTM (seed 305475974, test 2)","Bi-LSTM (seed 305475974, test 3)","Bi-LSTM (seed 305475974, test 4)","Bi-LSTM (seed 305475974, test 5)"
0,gmean,0.7860711172778452,0.8067998053581359,0.8086937042208112,0.7132290320604686,0.8310251722297181
1,F1,0.8631578947368421,0.8505747126436781,0.853932584269663,0.8571428571428572,0.8817204301075269
2,Accuracy,81.69014084507043,81.15942028985508,81.42857142857143,79.45205479452055,84.50704225352112
