,Metric,"Bi-LSTM (seed 305475974, test 1)","Bi-LSTM (seed 305475974, test 2)","Bi-LSTM (seed 305475974, test 3)","Bi-LSTM (seed 305475974, test 4)","Bi-LSTM (seed 305475974, test 5)","Bi-LSTM (seed 369953070, test 1)","Bi-LSTM (seed 369953070, test 2)","Bi-LSTM (seed 369953070, test 3)","Bi-LSTM (seed 369953070, test 4)","Bi-LSTM (seed 369953070, test 5)","Bi-LSTM (seed 879273778, test 1)","Bi-LSTM (seed 879273778, test 2)","Bi-LSTM (seed 879273778, test 3)","Bi-LSTM (seed 879273778, test 4)","Bi-LSTM (seed 879273778, test 5)","Bi-LSTM (seed 965681145, test 1)","Bi-LSTM (seed 965681145, test 2)","Bi-LSTM (seed 965681145, test 3)","Bi-LSTM (seed 965681145, test 4)","Bi-LSTM (seed 965681145, test 5)","Bi-LSTM (seed 992391276, test 1)","Bi-LSTM (seed 992391276, test 2)","Bi-LSTM (seed 992391276, test 3)","Bi-LSTM (seed 992391276, test 4)","Bi-LSTM (seed 992391276, test 5)"
0,gmean,0.7601169500660919,0.7370277311900888,0.8672581807839879,0.79115480528524,0.8422348876123157,0.7054211845550484,0.8535639569308375,0.8708233651742088,0.529150262212918,0.8460434230488472,0.7745966692414834,0.7007648882267352,0.8106434833777776,0.7745966692414834,0.781602364146308,0.7441126955668098,0.802925055461993,0.7859052479933758,0.8829325526183289,0.8333333333333334,0.7427813527082074,0.6135719910778964,0.8270429251254133,0.8304547985373997,0.7715167498104596
1,F1,0.8275862068965517,0.7843137254901961,0.8799999999999999,0.8666666666666665,0.8852459016393444,0.7755102040816326,0.8852459016393444,0.896551724137931,0.7241379310344828,0.8571428571428571,0.7999999999999999,0.806451612903226,0.8363636363636364,0.8275862068965518,0.8474576271186439,0.8070175438596491,0.830188679245283,0.8400000000000001,0.9206349206349206,0.8771929824561403,0.7999999999999999,0.7407407407407408,0.8260869565217391,0.8771929824561403,0.8333333333333334
2,Accuracy,78.72340425531915,73.80952380952381,86.36363636363636,82.97872340425532,86.0,73.17073170731707,86.27450980392157,86.95652173913044,62.7906976744186,83.6734693877551,76.92307692307693,75.0,81.25,79.16666666666666,80.85106382978722,76.59574468085107,80.85106382978722,80.48780487804879,89.79591836734694,84.78260869565217,76.0,66.66666666666666,82.22222222222221,84.0909090909091,79.59183673469387
