,Metric,"MLP (seed 305475974, test 1)","MLP (seed 305475974, test 2)","MLP (seed 305475974, test 3)","MLP (seed 305475974, test 4)","MLP (seed 305475974, test 5)"
0,gmean,0.7047738590203003,0.7855443270797406,0.6709157005450473,0.7239227659930269,0.7669649888473704
1,F1,0.8055555555555556,0.8358208955223881,0.8205128205128205,0.7999999999999999,0.7666666666666666
2,Accuracy,75.0,80.0,75.43859649122807,75.0,75.43859649122807
