,Metric,"LSTM (seed 879273778, test 1)","LSTM (seed 879273778, test 2)","LSTM (seed 879273778, test 3)","LSTM (seed 879273778, test 4)","LSTM (seed 879273778, test 5)"
0,gmean,0.8397595979782586,0.6851601597031488,0.7766431633476233,0.8057762482965358,0.8452401400246814
1,F1,0.875,0.8210526315789474,0.810126582278481,0.8936170212765957,0.8915662650602411
2,Accuracy,84.375,75.36231884057972,77.27272727272727,85.29411764705883,86.15384615384616
