,Metric,"LSTM (seed 965681145, test 1)","LSTM (seed 965681145, test 2)","LSTM (seed 965681145, test 3)","LSTM (seed 965681145, test 4)","LSTM (seed 965681145, test 5)"
0,gmean,0.7687061147858073,0.7989354619369612,0.8310251722297181,0.898505566462683,0.7974142996067924
1,F1,0.8571428571428571,0.8602150537634409,0.8817204301075269,0.9347826086956522,0.8571428571428571
2,Accuracy,80.88235294117648,81.69014084507043,84.50704225352112,91.17647058823529,81.42857142857143
