,Metric,"Bi-LSTM (seed 879273778, test 1)","Bi-LSTM (seed 879273778, test 2)","Bi-LSTM (seed 879273778, test 3)","Bi-LSTM (seed 879273778, test 4)","Bi-LSTM (seed 879273778, test 5)"
0,gmean,0.7912565680749445,0.7618117502750551,0.7932676120159604,0.8167130147501962,0.8311374577554609
1,F1,0.823529411764706,0.8666666666666666,0.8266666666666667,0.8809523809523809,0.8860759493670887
2,Accuracy,79.3103448275862,81.81818181818183,79.36507936507937,84.375,85.48387096774194
