,Metric,"MLP (seed 965681145, test 1)","MLP (seed 965681145, test 2)","MLP (seed 965681145, test 3)","MLP (seed 965681145, test 4)","MLP (seed 965681145, test 5)"
0,gmean,0.780927963930403,0.6884463184107628,0.6301260378126045,0.6963106238227914,0.7037315505489968
1,F1,0.7636363636363637,0.7887323943661971,0.825,0.721311475409836,0.7741935483870969
2,Accuracy,77.19298245614034,73.21428571428571,75.0,69.0909090909091,72.54901960784314
