,Metric,Bi-LSTM (seed 305475974),Bi-LSTM (seed 369953070),Bi-LSTM (seed 879273778),Bi-LSTM (seed 965681145),Bi-LSTM (seed 992391276)
0,gmean,0.9636241116594315,1.0,1.0,1.0,1.0
1,F1,0.962962962962963,1.0,1.0,1.0,1.0
2,Accuracy,93.33333333333333,100.0,100.0,100.0,100.0
