,Metric,LSTM (seed 305475974),LSTM (seed 369953070),LSTM (seed 879273778),LSTM (seed 965681145),LSTM (seed 992391276)
0,gmean,0.8446972910537321,0.8636816230220173,0.86991767240168,0.86991767240168,0.857400218763172
1,F1,0.9361702127659575,0.9583333333333333,0.9655172413793103,0.9655172413793103,0.951048951048951
2,Accuracy,88.60759493670885,92.40506329113924,93.67088607594937,93.67088607594937,91.13924050632912
