,Metric,Bi-LSTM (seed 305475974),Bi-LSTM (seed 369953070),Bi-LSTM (seed 879273778),Bi-LSTM (seed 965681145),Bi-LSTM (seed 992391276)
0,gmean,0.0,0.0,0.0,0.0,0.0
1,F1,0.8333333333333334,0.7272727272727272,0.8333333333333334,0.923076923076923,0.923076923076923
2,Accuracy,71.42857142857143,57.14285714285714,71.42857142857143,85.71428571428571,85.71428571428571
