,Metric,"RNN (seed 879273778, test 1)","RNN (seed 879273778, test 2)","RNN (seed 879273778, test 3)","RNN (seed 879273778, test 4)","RNN (seed 879273778, test 5)"
0,gmean,0.8393720596645177,0.7889706886030352,0.7299963950884315,0.7487363091276265,0.7177405625652734
1,F1,0.8732394366197184,0.8405797101449276,0.7605633802816901,0.8705882352941177,0.85
2,Accuracy,84.48275862068965,80.7017543859649,72.58064516129032,81.9672131147541,79.3103448275862
