,Metric,"Bi-LSTM (seed 305475974, test 1)","Bi-LSTM (seed 305475974, test 2)","Bi-LSTM (seed 305475974, test 3)","Bi-LSTM (seed 305475974, test 4)","Bi-LSTM (seed 305475974, test 5)"
0,gmean,0.7934920476158722,0.8159164767117386,0.8192653124439683,0.7190587281616534,0.8376780679082779
1,F1,0.8695652173913044,0.8604651162790699,0.8666666666666666,0.8333333333333334,0.8863636363636365
2,Accuracy,82.6086956521739,82.35294117647058,82.85714285714286,77.41935483870968,85.29411764705883
