,Metric,"RNN (seed 369953070, test 1)","RNN (seed 369953070, test 2)","RNN (seed 369953070, test 3)","RNN (seed 369953070, test 4)","RNN (seed 369953070, test 5)"
0,gmean,0.6832417009872592,0.7071067811865476,0.6571028138320723,0.5217391304347826,0.7887457230744283
1,F1,0.6486486486486486,0.7540983606557377,0.75,0.6428571428571429,0.84375
2,Accuracy,69.04761904761905,71.69811320754717,69.23076923076923,56.52173913043478,80.76923076923077
