,Metric,"RNN (seed 879273778, test 1)","RNN (seed 879273778, test 2)","RNN (seed 879273778, test 3)","RNN (seed 879273778, test 4)","RNN (seed 879273778, test 5)"
0,gmean,0.8392543274162824,0.7895146188218007,0.7319250547113999,0.7641013883490977,0.7208035953914573
1,F1,0.9,0.8712871287128714,0.7777777777777778,0.8952380952380952,0.8785046728971961
2,Accuracy,86.3013698630137,82.43243243243244,72.6027397260274,84.72222222222221,82.1917808219178
